ลำดับที่,ชื่อแหล่งธรรมชาติ,ประเภทที่,ประเภทแหล่งธรรมชาติ,ตำบล,อำเภอ,จังหวัด,ภาค,ละติจูด,ลองจิจูด,ความสำคัญ,ลักษณะของพื้นที่
1,ทุ่งบัวตอง (ดอยแม่อูคอ),3,ภูเขา,แม่อูคอ,ขุนยวม,แม่ฮ่องสอน,เหนือ,18.89472100,98.091094 ,แหล่งท่องเที่ยวสำคัญของจังหวัด,"ทุ่งบัวตอง ดอยแม่อูคอ มีลักษณะของภูเขาสลับซับซ้อนคล้ายคลื่นทะเล มีจุดเด่นที่น่าสนใจ คือ ในทุกช่วงฤดูหนาวประมาณกลางเดือนพฤศจิกายน - เดือนธันวาคม จะมีดอกบัวตองซึ่งเป็นดอกไม้สีเหลืองนับล้าน ชูช่อบานสะพรั่งเต็มพื้นที่ภูเขา กว่า 1,000 ไร่ บนความสูงประมาณ 1,600 เมตรจากระดับน้ำทะเล"
2,ดอยกองมู,3,ภูเขา,จองคำ,เมืองแม่ฮ่องสอน,แม่ฮ่องสอน,เหนือ,19.30005500,97.96056700,เป็นที่ประดิษฐานพระธาตุดอยกองมู,ดอยกองมู เป็นดอยที่สามารถมองเห็นทัศนียภาพของเมืองจากมุมสูงได้อย่างสวยงาม เป็นที่ประดิษฐานพระธาตุดอยกองมู และยังเป็นที่ตั้งของวัดพระธาตุดอยกองมูซึ่งประดิษฐานพระธาตุอันเป็นปูชนียสถานคู่บ้านคู่เมืองของจังหวัดแม่ฮ่องสอน
3,ถ้ำน้ำลอด,4,ถ้ำ,ถ้ำลอด,ปางมะผ้า,แม่ฮ่องสอน,เหนือ,19.56805600,98.27972200,เป็นแหล่งสำคัญทางประวัติศาสตร์และโบราณคดี,ถ้ำน้ำลอด เป็นถ้ำที่มีขนาดใหญ่ กว้างประมาณ 20 เมตร สูงประมาณ 50 เมตร ยาวประมาณ 1 กิโลเมตร ภายในถ้ำมีน้ำจากลำห้วย “น้ำลาง” ไหลผ่านตลอดเป็นทางกว้างลอดภูเขาไปทะลุออกกีกด้านหนึ่ง จึงเรียกว่า “ถ้ำน้ำลอด” ภายในถ้ำพบหินงอกหินย้อยสวยงาม
4,น้ำตกผาเสื่อ,5,น้ำตก,ห้วยผา,เมืองแม่ฮ่องสอน,แม่ฮ่องสอน,เหนือ,19.49090400,97.95787100,แหล่งท่องเที่ยวภายในท้องถิ่น,น้ำตกที่เกิดจากลำน้ำแม่สะงาในพม่าไหลผ่านโขดหินใหญ่ มี 6 ชั้น สองข้างน้ำตกมีแผ่นหินลักษณะคล้ายเสื่อปูลาดอยู่เป็นจำนวนมาก บริเวณโดยรอบน้ำตกเป็นป่าทึบที่มีความชุ่มชื้น
5,ถ้ำปลา,4,ถ้ำ,ห้วยผา,เมืองแม่ฮ่องสอน,แม่ฮ่องสอน,เหนือ,19.42668100,97.990252 ,แหล่งท่องเที่ยวสำคัญของจังหวัด,เป็นถ้ำที่ตั้งอยู่บริเวณเชิงเขาหินปูน มีลักษณะเป็นแอ่งน้ำขนาดใหญ่ สภาพดีและสวยงาม  ภายในแอ่งน้ำมีน้ำไหลเวียนออกจากโพรงภูเขาอยู่ตลอดเวลา และมีปลาอาศัยเป็นจำนวนมาก เรียกว่า ปลามุง หรือ ปลาคัง หรือปลาพลวง
6,น้ำตกแม่สุรินทร์,5,น้ำตก,แม่อูคอ,ขุนยวม,แม่ฮ่องสอน,เหนือ,18.94222200,98.07111100,เป็นน้ำตกที่สูงที่สุดในภาคเหนือ,น้ำตกชั้นเดียวที่ใหญ่และสวยงามมาก ลักษณะของสายน้ำจะไหลจาก หน้าผาสูงดิ่งลงสู่หุบเบื้องล่าง ประมาณ 200-300 เมตร น้ำตกอยู่ระหว่างหุบเขา
7,ถ้ำเชียงดาว,4,ถ้ำ,เชียงดาว,เชียงดาว,เชียงใหม่,เหนือ,19.39467500,98.92898800,แหล่งท่องเที่ยวสำคัญของ อ.เชียงดาว,"เป็นถ้ำขนาดใหญ่บนดอยหลวงเชียงดาว ยอดเขาสูงประมาณ 2,180 เมตร เป็นสัญลักษณ์ประจำท้องถิ่นของอำเภอเชียงดาว ภายในถ้ำเชียงดาว มีหินงอกหินย้อยขนาดใหญ่และสวยงาม เป็นจำนวนมาก แต่มีสีขุ่นเนื่องจากเป็นหินปูนเนื้อโคลน"
8,ถ้ำเมืองออน,4,ถ้ำ,บ้านสหกรณ์,แม่ออน,เชียงใหม่,เหนือ,18.79627300,99.23486200,แหล่งท่องเที่ยวสำคัญของจังหวัด,เป็นพุทธสถานที่สำคัญของชาวไทยและชาวไทยล้านนา และสถานที่ท่องเที่ยวที่สำคัญของจังหวัดเชียงใหม่
9,น้ำตกห้วยแก้ว,5,น้ำตก,ช้างเผือก และ สุเทพ,เมืองเชียงใหม่,เชียงใหม่,เหนือ,18.81177600,98.94453700,แหล่งท่องเที่ยวสำคัญของจังหวัด,น้ำตกห้วยแก้วเป็นน้ำตกเล็ก ๆ สูงประมาณ 10 เมตร ตั้งอยู่ในเขตอุทยานแห่งชาติดอยสุเทพ-ปุย เป็นสถานที่ที่ยังคงความเป็นธรรมชาติที่สมบูรณ์ท่ามกลางเมืองใหญ่
10,น้ำตกแม่ยะ,5,น้ำตก,บ้านหลวง,จอมทอง,เชียงใหม่,เหนือ,18.43993600,98.59800600,แหล่งท่องเที่ยวสำคัญของจังหวัด,เป็นน้ำตกขนาดใหญ่และสูงที่สุดในบรรดาน้ำตกในอุทยานแห่งชาติดอยอินทนนท์ น้ำตกจากหน้าผาสูงชันไหลลงมา มีประมาณ 30 ชั้น รวมความสูงประมาณ 280 เมตร ในช่วงฤดูฝน สายน้ำตกจะแผ่กว้างถึง 100 เมตร เหมือนกับม่านน้ำ แล้วไหลลงไปรวมกันที่แอ่งน้ำเบื้องล่าง และบางช่วงของหน้าผาเป็นชะง่อนหิน
11,น้ำตกแม่กลาง,5,น้ำตก,บ้านหลวง,จอมทอง,เชียงใหม่,เหนือ,18.49527800,98.66722200,ทัศนียภาพสวยงามเป็นที่พักผ่อนหย่อนใจ,เป็นน้ำตกขนาดใหญ่ที่มีแอ่งน้ำขนาดใหญ่ให้ลงเล่นน้ำหลายแห่ง มีความสวยงามตามธรรมชาติ รอบ ๆ บริเวณร่มรื่นน่าพักผ่อน แต่ในช่วงฤดูฝนกระแสน้ำไหลแรงอาจเป็นอัตรายต่อการเล่นน้ำได้
12,น้ำตกแม่สา,5,น้ำตก,แม่แรม,แม่ริม,เชียงใหม่,เหนือ,18.90653600,98.89716500,แหล่งท่องเที่ยวสำคัญของจังหวัด,เป็นน้ำตกขนาดใหญ่ แบ่งชั้นไปตามเชิงเขาถึง 10 ชั้น ปกคลุมด้วยต้นไม้ใหญ่ทั่วบริเวณ ทำให้สภาพอากาศร่มรื่นเย็นสบายตลอดปี
13,โป่งเดือดป่าแป๋,6,โป่งน้ำพุร้อน,ป่าแป๋,แม่แตง,เชียงใหม่,เหนือ,19.241667 ,98.68416700,แหล่งท่องเที่ยวธรรมชาติศึกษาวิทยาที่สำคัญ,เป็นน้ำพุร้อนที่ใหญ่และสูงที่สุดในประเทศไทย และเป็นแหล่งท่องเที่ยวศึกษาธรรมชาติธรณีที่สำคัญแห่งหนึ่ง
14,บ่อน้ำร้อนฝาง,6,โป่งน้ำพุร้อน,โป่งน้ำร้อน,ฝาง,เชียงใหม่,เหนือ,19.96556600,99.15417400,แหล่งพลังงานในโครงการพลังงานความร้อนใต้พิภพฝาง (ระยะที่ 1),เป็นแหล่งพลังงานในโครงการพลังงานความร้อนใต้พิภพฝาง (ระยะที่ 1) เเละเป็นแหล่งท่องเที่ยวศึกษาธรณีวิทยา
15,ออบหลวง,10,ธรณีสัณฐานและภูมิลักษณวรรณา,หางดง,ฮอด,เชียงใหม่,เหนือ,18.24527800,98.520278 ,ทัศนียภาพสวยงามเป็นที่พักผ่อนหย่อนใจ,มีลักษณะเป็นช่องแคบเขาขาด ที่มีหน้าผาหินขนาบสองข้างของลําน้ำ หน้าผาวัดจากสะพานถึงระดับน้ำประมาณ 32 เมตร ส่วนแคบสุดของช่องแคบหน้าผาทั้งสองเพียง 2 เมตร ความยาวของช่องแคบประมาณ 300 เมตร บริเวณใกล้เคียงออบหลวงมีการขุดค้นพบหลักฐานทางโบราณคดี สมัยก่อนประวัติศาสตร์จํานวนมาก เช่น เครื่องมือหิน เครื่องสําริด เครื่องปั้นดินเผา โครงกระดูกมนุษย์ เป็นต้น
16,ผาจ้อ (ผาช่อ),10,ธรณีสัณฐานและภูมิลักษณวรรณา,สันติสุข,ดอยหล่อ,เชียงใหม่,เหนือ,18.51761500,98.73706800,แหล่งศึกษาทางธรณีวิทยา,มีลักษณะเป็นหน้าผา สูงประมาณ 30 เมตร เป็นหน้าดินลูกรังซึ่งถูกน้ำชะล้างทำให้เกิดเป็นร่อง มีลักษณะธรณีสัณฐานที่แปลกตา
17,ถ้ำหลวง-ขุนน้ำนางนอน (เขานางนอน),4,ถ้ำ,โป่งผา,แม่สาย,เชียงราย,เหนือ,20.38162000,99.86711500,ทัศนียภาพสวยงามเป็นแหล่งท่องเที่ยวที่สำคัญ,เป็นถ้ำหินปูนขนาดใหญ่ ปากถ้ำเป็นห้องโถงกว้างมากภายในถ้ำจะพบกับความงามของ เกล็ดหินสะท้อนแสง หินงอก หินย้อย ธารน้ำและถ้ำลอด 
18,น้ำตกขุนกรณ์,5,น้ำตก,แม่กรณ์,เมืองเชียงราย,เชียงราย,เหนือ,19.87658300,99.62522200,เป็นน้ำตกที่สูงที่สุดของจ. เชียงราย,"น้ำตกแห่งนี้มีน้ำไหลตลอดปีและเป็นน้ำใสที่ไม่มีตะกอน ตัวน้ำตกสูงถึง 70 เมตร โดยมีลักษณะเป็นหน้าผาชัน เดิมชาวบ้านเรียก ""น้ำตกตาดหมอก"" ซึ่งคำว่า ""ตาด"" เป็นภาษาลาว แปลว่าน้ำตก "
19,น้ำตกปูแกง,5,น้ำตก,แม่เย็น,พาน,เชียงราย,เหนือ,19.44154200,99.69907300,แหล่งท่องเที่ยวและแหล่งธรรมชาติศึกษา,เป็นน้ำตกขนาดใหญ่ที่สุดในจังหวัดเชียงราย ใต้ดินมีตะกอนหินปูนปนมากับน้ำ ทำให้เกิดหินงอกหินย้อยและถ้ำตื้น ๆ สวยงามแปลกตา มีโขดหินที่เป็นลักษณะเพิงผาที่แปลกตา เป็นน้ำตกที่ไหลจากภูเขาสูงสลับซับซ้อน เกิดเป็นชั้นน้ำตกถึง 9 ชั้น มีน้ำไหลในปริมาณสม่ำเสมอตลอดปี
20,หาดทรายริมแม่น้ำกก (พัทยา 2),8,ชายหาด,รอบเวียง,เมืองเชียงราย,เชียงราย,เหนือ,19.91777800,99.79722200,ทัศนียภาพสวยงามเป็นแหล่งท่องเที่ยวที่สำคัญ,เป็นสถานที่ท่องเที่ยวเเละมีทัศนียภาพที่สวยงาม
21,น้ำตกภูซาง,5,น้ำตก,ภูซาง,ภูซาง,พะเยา,เหนือ,19.66368600,100.37689500,ทัศนียภาพสวยงามเป็นแหล่งท่องเที่ยวที่สำคัญ,เป็นน้ำตกหินปูนชั้นเดียวขนาดเล็กมีน้ำไหลสม่ำเสมอตลอดปี สูงประมาณ 25 เมตร จุดเด่นของน้ำตกภูซางอยู่ตรงที่เป็นกระแสน้ำอุ่น อุณหภูมิประมาณ 35 องศาเซลเซียส น้ำใส ไม่มีกลิ่นของกำมะถัน 
22,น้ำตกจำปาทอง,5,น้ำตก,บ้านต๊ำ,เมืองพะเยา,พะเยา,เหนือ,19.21750000,99.73777800,ทัศนียภาพสวยงามเป็นแหล่งท่องเที่ยวที่สำคัญและแหล่งศึกษาธรรมชาติ,น้ำตกจำปาทองมีต้นน้ำมาจากดอยหลวง เป็นน้ำตก 6 ชั้น ความสูงแต่ละชั้นประมาณ 20 เมตร ลักษณะสูงชัน น้ำใสสะอาดไหลสม่ำเสมอตลอดปี น้ำไหลจากโขดหินขนาดใหญ่ลงมาสู่เบื้องล่าง มีแอ่งน้ำให้ลงเล่นน้ำหลายแห่ง
23,กว๊านพะเยา,7,แหล่งน้ำ,บ้านสาง,เมืองพะเยา,พะเยา,เหนือ,19.16638900,99.86666700,แหล่งน้ำธรรมชาติที่สำคัญที่สุดของจังหวัด,เป็นสัญลักษณ์ของท้องถิ่นและเป็นแหล่งน้ำธรรมชาติที่สำคัญที่สุดของจังหวัด
24,ฝั่งต้า,10,ธรณีสัณฐานและภูมิลักษณวรรณา,เชียงม่วน,เชียงม่วน,พะเยา,เหนือ,18.87166700,100.31222200,ทัศนียภาพสวยงามเป็นแหล่งท่องเที่ยวที่สำคัญ,เป็นหน้าผาดินสูงชันประมาณ 100 เมตร ที่เกิดจากน้ำกัดเซาะของน้ำ เป็นโครงสร้างทางธรรมชาติที่ดี หายาก
25,ถ้ำหลวงผาเวียง,4,ถ้ำ,ป่าพลู,บ้านโฮ่ง,ลำพูน,เหนือ,18.221667 ,98.85805600,ทัศนียภาพสวยงามเป็นแหล่งท่องเที่ยวที่สำคัญ,เป็นเอกลักษณ์หรือสัญลักษณ์ท้องถิ่น และเป็นโครงสร้างทางธรรมชาติที่ดี หายาก และยังคงความเป็นธรรมชาติ
26,น้ำตกแม่ก้อ (ก้อหลวง),5,น้ำตก,ก้อ,ลี้,ลำพูน,เหนือ,17.58357000,98.81754900,ทัศนียภาพสวยงามเป็นแหล่งท่องเที่ยวที่สำคัญ,เป็นน้ำตกหินปูนที่ไหลมาจากลำน้ำในห้วยแม่ก้อ ดอยก้อหลวง ไหลผ่านหินดินดานเทาดำ และหินทรายของหน้าผาที่สูงต่างระดับลดหลั่นกันทั้งหมด 7 ชั้น มีน้ำไหลตลอดปี เป็นน้ำตกที่มีหินงอกหินย้อยสวยงามตาม ธรรมชาติ มีแอ่งน้ำขนาดใหญ่สีเขียวมรกต
27,ถ้ำผาไท,4,ถ้ำ,บ้านหวด,งาว,ลำปาง,เหนือ,18.60520000,99.89730000,ทัศนียภาพสวยงามเป็นแหล่งท่องเที่ยวที่สำคัญและแหล่งศึกษาธรรมชาติ,เป็นถ้ำกึ่งแห้งมีการเกิดของหินงอกและหินย้อยอยู่น้อยมาก แต่ภายในถ้ำมีความงดงาม หน้าถ้ำเป็นห้องโถงกว้างมีหินย้อยขนาดใหญ่ ด้านขวามีพระปรมาภิไธยย่อ ปปร. ของพระบาทสมเด็จพระปกเกล้าเจ้าอยู่หัว จารึกไว้เมื่อครั้งเสด็จประพาสถ้ำ พ.ศ. 2469 มีลักษณะภูมิประเทศแบบหินปูน (Karst topography) โถงถ้ำมีโถงเดียว มีความยาว รวม 414.54 เมตร วางตัวในทิศทางตะวันตกเฉียงใต้-ตะวันออกเฉียงเหนือ (SW-NE)
28,น้ำตกวังแก้ว,5,น้ำตก,วังแก้ว,วังเหนือ,ลำปาง,เหนือ,19.31833300,99.66083300,ทัศนียภาพสวยงามเป็นแหล่งท่องเที่ยวที่สำคัญ,เป็นน้ำตก 11 ชั้น เกิดจากการทับถมของหินปูนที่ละลายปนมากับน้ำ ชั้นบนมีถ้ำขนาดใหญ่มีหมู่บ้านชาวเขาเผ่าเย้า และสามารถมองเห็นกว๊านพะเยาได้ด้วย
29,น้ำตกแจ้ช้อน-น้ำพุร้อนแจซ้อน,6,โป่งน้ำพุร้อน,แจ้ซ้อน,เมืองปาน,ลำปาง,เหนือ,18.83694400,99.47166700,ทัศนียภาพสวยงามเป็นแหล่งท่องเที่ยวที่สำคัญ,เป็นน้ำตกที่เกิดจากการไหลของน้ำจากลำห้วยแม่มอญ ไหลผ่านภูมิประเทศที่มีระดับความสูงแตกต่างกันกลายเป็นน้ำตกแจ้ซ้อนที่มีความสวยงาม ประกอบด้วยชั้นน้ำตกจำนวน 6 ชั้น มีน้ำไหลตลอดปี มีแอ่งน้ำรองรับตลอดสาย และน้ำพุร้อนแจ้ซ้อนเป็นน้ำพุร้อนที่มีโครงสร้างทางธรรมชาติที่สวยงาม มีบ่อน้ำร้อน 9 บ่อ ซึ่งมีอุณหภูมิระหว่าง 75-80 องศาเซลเซียส มีธารน้ำร้อนเเละน้ำเย็นไหลมาพบกัน
30,แก่งหลวง,2,แก่ง,บ้านปิน,ลอง,แพร่,เหนือ,18.03277800,99.88638900,ทัศนียภาพสวยงามเป็นแหล่งท่องเที่ยวที่สำคัญ,เป็นแก่งตามธรรมชาติ เกิดจากกระแสแม่น้ำน่านไหลผ่านโขดหินที่กระจายอยู่กลางแม่น้ำ ในหน้าน้ำจะได้ยินเสียงน้ำกระทบโขดหินดังกึกก้อง ยามหน้าแล้งจะมองเห็นแนวโขดหิน และหาดทรายสีขาวเป็นแนวยาวตามริมฝั่งแม่น้ำน่าน
31,ถ้ำผานางคอย,4,ถ้ำ,ร้องกวาง,ร้องกวาง,แพร่,เหนือ,18.36916200,100.35155400,เป็นสถานที่ศักดิ์สิทธิ์ของชาวบ้าน,มีความสัมพันธ์เกี่ยวกับนิทานพื้นบ้าน และเป็นสถานที่ศักดิ์สิทธิ์ของชาวบ้าน
32,น้ำตกห้วยโรง,5,น้ำตก,ห้วยโรง,ร้องกวาง,แพร่,เหนือ,18.441922 ,100.45028200,ทัศนียภาพสวยงามเป็นแหล่งท่องเที่ยวที่สำคัญ,เป็นน้ำตกขนาดเล็ก มีชั้นน้ำตก 2 ชั้น สูงประมาณ 15 เมตร สายน้ำตก ลงมาบนโขดหิน มีแอ่งน้ำรองรับ สภาพโดยรอบเป็นสวนรุกขชาติห้วยโรง
33,แพะเมืองผี,10,ธรณีสัณฐานและภูมิลักษณวรรณา,น้ำชำ,เมืองแพร่,แพร่,เหนือ,18.18333300,100.20861100,แหล่งศึกษาทางธรณีวิทยาและสถานที่ท่องเที่ยวสำคัญของจังหวัด,แพะเมืองผี เป็นหลักฐานทางธรณีวิทยา ซึ่งนักธรณีวิทยาประมาณค่าอายุของดินแห่งนี้ว่า อยู่ในยุค Quaternary เกิดขึ้นประมาณไม่เกิน 2 ล้านปี และเป็นสถานที่ท่องเที่ยวที่สำคัญและมีชื่องเสียงของจังหวัดเเพร่ เป็นเนินที่พังยุบลงเป็นแอ่งคล้ายกระทะหงาย ภายในแอ่งมีโคก หรือเนิน ซึ่งเกิดจากการพังทลายที่ไม่สม่ำเสมอของชั้นตะกอน ทำให้เกิดลักษณะเหมือนแท่งเสา
34,ถ้ำผาตูบ,4,ถ้ำ,ผาสิงห์,เมืองน่าน,น่าน,เหนือ,18.85416700,100.73611100,ทัศนียภาพสวยงามเป็นแหล่งท่องเที่ยวที่สำคัญ,เป็นโครงสร้างทางธรรมชาติที่ดี หายาก มีทัศนียภาพที่สวยงาม และเป็นสถานที่ท่องเที่ยวของท้องถิ่น
35,ถ้ำผามอง-ถ้ำผาเวียง,4,ถ้ำ,ส้าน,เวียงสา,น่าน,เหนือ,18.45553900,100.71781100,ทัศนียภาพสวยงามเป็นแหล่งท่องเที่ยวที่สำคัญ,เป็นถ้ำขนาดกลาง อยู่บนยอดเขาผาเวียง มีความลึกประมาณ 50 เมตร มีช่องแสงทะลุภายนอก ในถ้ำมีหินงอกหินย้อยสวยงาม
36,น้ำตกศิลาเพชร,5,น้ำตก,ศิลาเพชร,ปัว,น่าน,เหนือ,19.09410400,100.94998700,ทัศนียภาพสวยงามมีฝายน้ำย่างทดน้ำบริเวณหน้าน้ำตกเพื่อนำไปใช้ในการเกษตรของ ต.ศิลาเพชร,น้ำตกศิลาเพชรเป็นน้ำตกขนาด มี 3 ชั้น และเป็นน้ำตกที่เกิดขึ้นในลำน้ำย่างซึ่งเป็นแม่น้ำสายหลักของตำบล มีลักษณะเป็นแอ่งน้ำตกเหมาะแก่การเล่นน้ำและมีน้ำไหลตลอดปี สายน้ำตกลงมาจากหน้าผาดอยภูคาหลายชั้นลดหลั่นกันไป ภายในน้ำตกมีน้ำตกที่ใสสะอาด โขดหินอันสวยงาม
37,เสาดินนาน้อย (เสาดิน-ฮ่อมจ๊อม),10,ธรณีสัณฐานและภูมิลักษณวรรณา,เชียงของ,นาน้อย,น่าน,เหนือ,18.303937 ,100.75395500,แหล่งศึกษาทางธรณีวิทยา,เสาดินนาน้อย มีความเป็นเอกลักษณ์หรือสัญลักษณ์ของท้องถิ่น และมีโครงสร้างทางธรรมชาติที่ดี หายากสำหรับการศึกษาสภาพธรณีวิทยา
38,น้ำตกธารารักษ์,5,น้ำตก,มหาวัน,แม่สอด,ตาก,ตะวันตก,16.56982600,98.69537300,ทัศนียภาพสวยงามเป็นที่พักผ่อนหย่อนใจ,เป็นน้ำตกขนาดเล็กบนหน้าผาหินปูนที่มีความชันระดับ 90 องศา มีน้ำไหลตลอดปี กลางเนินน้ำตกเป็นที่ตั้งของพระพุทธรูปปางสมาธิ ด้านข้างเป็นที่ตั้งของมหาเจดีย์ธารารักษ์ ด้านล่างเป็นอ่างเก็บน้ำขนาดเล็กสำหรับเพาะพันธุ์ปลา
39,ถ้ำแม่อุสุ,4,ถ้ำ,แม่อุสุ,ท่าสองยาง,ตาก,ตะวันตก,17.304008 ,98.155847 ,แหล่งท่องเที่ยวสำคัญของจังหวัด,เป็นถ้ำน้ำและถ้ำบกในภูเขาหินปูน ซึ่งเกิดจากลำธารไหลเซาะ ปากถ้ำกว้าง มีเพดานสูง อากาศโปร่งแต่ไม่มืด มีลำห้วยแม่อุสุไหลผ่าน ฤดูฝนระดับน้ำจะสูงมาก ภายในถ้ำมีหินงอกหินย้อยสวยงามมาก
40,น้ำตกลานสาง,5,น้ำตก,แม่ท้อ,เมืองตาก,ตาก,ตะวันตก,16.78277800,99.01611100,แหล่งท่องเที่ยวสำคัญของจังหวัดและเป็นแหล่งต้นน้ำลำธาร,เป็นน้ำตกในป่าลานสาง เป็นน้ำตกสูงไหลจากหน้าผา 3 ชั้น บนเทือกเขาหลวง มีความสูงประมาณ 40 เมตร น้ำตกจะไหลพุ่งออกมาจากซอกเขาแล้วไหลไปรวมตัวลงสู่แอ่งน้ำ
41,น้ำตกพาเจริญ,5,น้ำตก,ช่องแคบ,พบพระ,ตาก,ตะวันตก,16.50166700,98.752778 ,ทัศนียภาพสวยงามเป็นที่พักผ่อนหย่อนใจ,น้ำตกพาเจริญ มีต้นน้ำมาจากห้วยนน้ำนักซึ่งมีน้ำไหลตลอดปี เป็นน้ำตกหินปูนชั้นเล็ก ๆ สามารถนั่งได้ถึง 97 ชั้น นับรวมแล้วจึงเป็นน้ำตกสูงและมีน้ำมาก
42,น้ำตกทีลอซู,5,น้ำตก,แม่จัน,อุ้มผาง,ตาก,ตะวันตก,15.92686800,98.75333800,น้ำตกหินปูนที่มีขนาดใหญ่ที่สุดในประเทศไทยและเป็นอันดับ 6 ของโลก,เป็นน้ำตกขนาดใหญ่ที่สวยงามมาก น้ำตกจากหน้าผาสูงชันมาก น้ำไหลแรงตลอดปีความกว้างของตัวน้ำตกประมาณ 500 เมตรไหลลดหลั่นเป็นชั้น ๆ
43,เขาสน,3,ภูเขา,โกสัมพี,เมืองกำแพงเพชร,กำแพงเพชร,กลาง,16.56305600,99.305 ,ป่าสงวนแห่งชาติที่อยู่ใกล้ตัวจังหวัดที่สุด,เป็นเขาที่มีความสูงที่สุดในพื้นที่เขตรักษาพันธุ์สัตว์ป่าเขาสนามเพรียง เป็นป่าสงวนแห่งชาติที่มีสภาพป่าที่สมบูรณ์และเป็นป่าที่อยู่ใกล้ตัวจังหวัดมากที่สุด บนยอดเขามีสนลานกว้างและทุ่งหญ้าเขียวขจี
44,น้ำตกคลองลาน,5,น้ำตก,คลองลานพัฒนา,คลองลาน,กำแพงเพชร,กลาง,16.12980700,99.27522900,แหล่งท่องเที่ยวสำคัญของจังหวัด,เป็นน้ำตกขนาดกลางที่ไหลลงมาจากหน้าผากว้าง สูงประมาณ 95 เมตร กว้าง 40 เมตร ในฤดูฝนจะไหลจากลำห้วยต่าง ๆ ประมาณ 5 สาย ลงสู่แอ่งน้ำตกตามหุบเขา และเกิดเป็นวังน้ำยาว 3 กิโลเมตร แล้วจึงไหลผ่านหน้าผาลงมาเป็นน้ำตกคลองลาน
45,น้ำตกคลองน้ำไหล (น้ำตกปางควาย),5,น้ำตก,คลองน้ำไหล,คลองลาน,กำแพงเพชร,กลาง,16.19424600,99.26230100,ทัศนียภาพสวยงามเป็นที่พักผ่อนหย่อนใจ,เป็นน้ำตกเขตป่าดิบแล้งที่ยังสมบูรณ์ น้ำตกมี 9 ชั้น มีน้ำไหลตลอดปี แต่ละชั้นมีแอ่งน้ำและแก่งเกาะ  ที่มองดูคล้ายเกาะเล็ก ๆ อยู่กลางลำธาร  สำหรับชั้นที่เหมาะสำหรับการเล่นน้ำ คือ ชั้นที่ 3 น้ำตกจะแยกเป็นสายสวยงามสองสายทางฝั่งขวา ไหลลงสู่แอ่งน้ำกว่างประมาณ 3 เมตร
46,ถ้ำนเรศวร,4,ถ้ำ,บ้านมุง,เนินมะปราง,พิษณุโลก,กลาง,16.505 ,100.66361100,แหล่งศึกษาธรรมชาติในพื้นที่ป่าสงวนแห่งชาติป่าลุ่มน้ำวังทองฝั่งซ้าย,"เป็นถ้ำในภูเขาหินปูนลึกประมาณ 150 เมตร ลักษณะปากเข้าถ้ำเล็กแคบต้องคลานเข้าไปประมาณ 10 เมตร แล้วจะพบห้องโถงขนาดใหญ่ภายในถ้ำมีหินงอกหินย้อย มีรูปร่างต่าง ๆ จำนวนมาก และยังมีหินที่เป็นประกายที่น่าสนใจอีกด้วย ภายในถ้ำนเรศวรนี้มีค้างคาวอาศัยอยู่เป็นจำนวนมาก เดิมชาวบ้านเรียกว่า ""ถ้ำโอ่ง"""
47,น้ำตกชาติตระการ,5,น้ำตก,ชาติตระการ,ชาติตระการ,พิษณุโลก,กลาง,17.29795500,100.68333000,แหล่งท่องเที่ยวสำคัญของจังหวัด,เป็นน้ำตกขนาดกลาง มีน้ำไหลตลอดปี หน้าผาบริเวณน้ำตกมีสีสันแตกต่างกัน ลักษณะน้ำตกเป็นม่านไหลลงมาสู่หน้าผา กว้างเกือบ 20 เมตร ลงสู่แอ่งน้ำกว้าง สวยงามมาก
48,น้ำตกแก่งโสภา,5,น้ำตก,บ้านแยง,วังทอง,พิษณุโลก,กลาง,16.87103600,100.835106 ,แหล่งท่องเที่ยวสำคัญของจังหวัด,เป็นน้ำตกขนาดใหญ่มี 3 ชั้น ผ่านไปตามแก่งหินหลายแห่งมีความสูงประมาณ 40 เมตร ลักษณะเป็นแผ่นหินซ้อนกันสวยงาม บริเวณลำน้ำตกตอนบนเป็นแผ่นหินเรียบสามารถเดินข้ามได้ในช่วงน้ำน้อย สภาพทางธรรมชาติในบริเวณน้ำตกร่มรื่น
49,น้ำตกปอย,5,น้ำตก,แก่งโสภา,วังทอง,พิษณุโลก,กลาง,16.84594400,100.75083900,ทัศนียภาพสวยงามเป็นที่พักผ่อนหย่อนใจ,เป็นน้ำตกที่มีลานกว้างมาก มีชั้นเดียวเป็นโขดหิน สูงประมาณ 30 เมตร กว้าง ประมาณ 50 เมตร เป็นลำน้ำเดียวกับน้ำตกแก่งโสภา มีลักษณะคล้ายม่านตกลงมาเป็นปอยสวยงาม และเป็นน้ำตกที่อยู่กลางชุมชนบ้านปอยมีถนนข้ามลำน้ำเป็กตรงพื้นที่เหนือน้ำตก
50,ถ้ำลม - ถ้ำวัง,4,ถ้ำ,นาขุนไกร,ศรีสำโรง,สุโขทัย,กลาง,17.22589000,99.53151000,แหล่งท่องเที่ยวและแหล่งธรรมชาติศึกษา,เป็นถ้ำที่มีโพรงทะลุออก 2 ด้านของภูเขา ด้วยลักษณะของเทือกเขาที่ทอดตัวขวางทิศทางลมทำให้ปากถ้ำด้านหนึ่งมีกระแสลมพัดจากภายในถ้ำออกมาเหมือนกับนั่งในห้องปรับอากาศ และมีอุณหภูมิสบาย ภายในถ้ำมีหินงอกหินย้อย และมีห้องแยกออกเป็นห้อง ๆ ชั้น ๆ อย่างสวยงาม
51,น้ำตกสายรุ้ง,5,น้ำตก,บ้านน้ำพุ,คีรีมาศ,สุโขทัย,กลาง,16.82786100,99.63747500,น้ำตกที่สวยที่สุดในอุทยานแห่งชาติรามคำแหง,น้ำตกสายรุ้ง  เป็นน้ำตกที่ล้อมรอบไปด้วยสังคมพืชเบญจพรรณที่ค่อนข้างอุดมสมบูรณ์ เป็นน้ำตกที่มีขนาดใหญ่และสวยงามที่สุดในอุทยานแห่งชาติ เกิดจากต้นน้ำบริเวณเขาพระเจดีย์เป็นลำธารคลองไผ่นา มีทั้งหมด 4 ชั้น
52,น้ำตกตาดดาว,5,น้ำตก,บ้านแก่ง,ศรีสัชนาลัย,สุโขทัย,กลาง,17.56505500,99.46335300,แหล่งท่องเที่ยวและแหล่งธรรมชาติศึกษา,เป็นน้ำตกที่มีความสวยงามขนาดใหญ่สูง 70 เมตร ไหลลงมาจากโขดหิน สูง กระเซ็นสะท้อนแสงแดดระยิบระยับคล้ายประกายดาว ต้นน้ำเกิดจากลำห้วยแม่ท่าแพไหลตกลงมาจากหน้าผากว้างในลักษณะ 2 สาย มีแอ่งน้ำขนาดเล็กด้านหน้าลงเล่นน้ำได้
53,บึงสีไฟ,7,แหล่งน้ำ,ท่าหลวง,เมืองพิจิตร,พิจิตร,กลาง,16.42638000,100.34313400,แหล่งท่องเที่ยวสำคัญของจังหวัด,เป็นแหล่งน้ำขนาดใหญ่ เป็นสัญลักษณ์แห่งแรกของจังหวัดพิจิตรที่เมื่อเดินทางมาจังหวัดพิจิตรจะต้องนึกถึงบึงน้ำจืด ซึ่งบริเวณโดยรอบมีทัศนียภาพที่สวยงาม เป็นที่สำหรับพักผ่อนหย่อนใจของชาวเมือง
54,น้ำตกศรีดิษฐ์,5,น้ำตก,เขาค้อ,เขาค้อ,เพชรบูรณ์,กลาง,16.62984500,100.93975700,เคยเป็นฐานของ ผกค.  และเป็นแหล่งท่องเที่ยวสำคัญของจังหวัด,น้ำตกขนาดใหญ่ มีน้ำไหลตลอดปี เป็นน้ำตกชั้นเดียว สายน้ำไหลผ่านหน้าผาหินกว้างสูงประมาณ 10 เมตร มองเห็นคล้ายม่านน้ำ ตกลงสู่เบื้องล่างกระทบหินน้ำกระเซ็นสวยงาม มีลานกว้าง สำหรับเล่นน้ำ
55,น้ำตกตาดหมอก,5,น้ำตก,นาป่า,เมืองเพชรบูรณ์,เพชรบูรณ์,กลาง,16.37387700,101.38039300,แหล่งท่องเที่ยวและแหล่งธรรมชาติศึกษา,เป็นน้ำตกสูงบนหน้าผาที่มีหมอกปกคลุมตลอดเวลา อยู่ในเทือกเขาสลับซับซ้อน กระแสน้ำจะทิ้งตัวลงมาจากหน้าผาอันสูงชันประมาณ 200 เมตร สู่แอ่งน้ำเบื้องล่าง แล้วไหลลงมาบรรจบกับกระแสน้ำที่ไหลมาจากน้ำตกสองนาง ตรงบริเวณชั้นที่ 2 ของน้ำตกสองนางกลายเป็นลำห้วย
56,ลานหินปุ่ม-ลานหินแตก,10,ธรณีสัณฐานและภูมิลักษณวรรณา,เนินเพิ่ม,นครไทย,พิษณุโลก,กลาง,16.99387200,100.99108900,"ได้ชื่อว่าเป็น ""ลานเลือด"" เพราะเป็นสมรภูมิสู้รบระหว่างทหารรัฐบาลกับ พคท. เมื่อปี พ.ศ. 2515",ลานหินปุ่ม มีลักษณะปุ่มหินยอดมนขนาดต่าง ๆ เล็กใหญ่สูงต่ำสลับกัน โผล่ให้เห็นเป็นจุด ๆ บางบริเวณเกิดเป็นกลุ่ม ซึ่งเกิดจากโครงสร้างของหินที่สึกกร่อนตามธรรมชาติ ลานหินแตก ลักษณะเป็นลานหินกว้างที่มีร่องขนาดใหญ่ และลึกเป็นแนวขนานกันหรือตัดกัน ร่องลึกสูงสุดประมาณ 20 เมตร กว้างสุดประมาณ 2 เมตร
57,เขาแก้ว-เขาหน่อ,3,ภูเขา,บ้านแดน,บรรพตพิสัย,นครสวรรค์,กลาง,15.94706100,99.87534200,"พบรอยพระพุทธบาทและร่องรอยทางโบราณคดี, แหล่งท่องเที่ยวที่สำคัญของจังหวัด",เทือกเขาหินปูนขนาดใหญ่ที่มีลักษณะแปลกตาเด่นตระหง่านอยู่ข้างทาง
58,บึงบอระเพ็ด,7,แหล่งน้ำ,พระนอน,เมืองนครสวรรค์,นครสวรรค์,กลาง,15.70840000,100.18080000,"เป็นบึงน้ำจืดที่ใหญ่ที่สุดในประเทศไทยและเป็นที่อยู่ของ ""นกเจ้าฟ้าหญิงสิรินทร""","เป็นบึงน้ำจืดขนาดใหญ่ที่สุดในประเทศไทย มีการค้นพบนกชนิดใหม่ล่าสุดของโลกในวงศ์นกนางแอ่นเทียม จึงได้ขอพระราชทานนามว่า ""นกเจ้าฟ้าสิรินธร"" และเป็นสัญลักษณ์ของบึงบอระเพ็ด"
59,เขาฆ้องชัย,3,ภูเขา,ป่าอ้อ,ลานสัก,อุทัยธานี,กลาง,15.43147900,99.59303300,เป็นแหล่งสำคัญทางประวัติศาสตร์และโบราณคดี,เป็นเขาหินปูนมีหน้าผาสูงชัน มีถ้ำต่าง ๆ ที่สวยงาม มีการขุดพบวัตถุโบราณ และมีถ้ำค้างคาวเป็นถ้ำที่มีค้างคาวอาศัยอยู่เป็นจำนวนมาก
60,น้ำตกไซเบอร์ (น้ำตกหินลาด),5,น้ำตก,ทองหลาง,ห้วยคต,อุทัยธานี,กลาง,15.30388900,99.42222200,ทัศนียภาพสวยงามเป็นที่พักผ่อนหย่อนใจ,เป็นน้ำตกที่มีโครงสร้างทางธรรมชาติที่ดี หายาก มีทัศนียภาพที่สวยงาม บริเวณน้ำตกมีลำธารไหลเป็นแนวทั้งจุดที่ลึกและตื้นเหมาะกับการเล่นน้ำ มีวิวธรรมชาติที่สวยงาม
61,น้ำตกวังก้านเหลือง,5,น้ำตก,ท่าดินดำ,ชัยบาดาล,ลพบุรี,กลาง,15.11251000,101.11194300,ทัศนียภาพสวยงามเป็นที่พักผ่อนหย่อนใจ,เป็นน้ำตกขนาดไม่ใหญ่มาก มีน้ำไหลตลอดปี มีลักษณะพิเศษคือ มีต้นน้ำเป็นตาน้ำขนาดใหญ่ผุดขึ้นมาจากใต้ดินแทนที่จะมีต้นน้ำอยู่บนภูเขาสูง ธารน้ำตกจะไหลเลาะมาตามที่ลาด ตกปะทะหินผาเป็นชั้นๆ นับ 10 ชั้น และไหลลงไปบรรจบกับแม่น้ำป่าสัก แต่ละชั้นจะมีแอ่งรับน้ำเหมาะสำหรับลงเล่นน้ำ
62,บึงแม่ลา,7,แหล่งน้ำ,แม่ลา,เมืองสิงห์บุรี,สิงห์บุรี,กลาง,14.94083300,100.34 ,เป็นสถานที่ที่เป็นเอกลักษณ์ของท้องถิ่น,เป็นบึงน้ำจืดซึ่งเกิดจากการเปลี่ยนเส้นทางของแม่น้ำเจ้าพระยา เป็นบึงน้ำจืดที่มีความเป็นเอกลักษณ์หรือสัญลักษณ์ของท้องถิ่น ภายในบึงมีพันธุ์ปลาที่มีลักษณะต่างจากบริเวณอื่น
63,น้ำตกมวกเหล็ก,5,น้ำตก,มิตรภาพ,มวกเหล็ก,สระบุรี,กลาง,14.64333300,101.20305600,ทัศนียภาพสวยงามเป็นที่พักผ่อนหย่อนใจ,น้ำตกขนาดเล็กที่มีความสวยงาม เป็นน้ำตกชั้นเดียว สูงประมาณ 5 เมตร มีลักษณะเป็นชั้นหินลดหลั่นกันไม่สูงมากนัก ด้านบนของน้ำตกเป็นแอ่งน้ำขนาดใหญ่ ธารน้ำตกไหลตามชั้นหินลงมาสู่งแอ่งน้ำเบื้องล่างอีกชั้นหนึ่ง
64,น้ำตกเจ็ดสาวน้อย,5,น้ำตก,มวกเหล็ก,มวกเหล็ก,สระบุรี,กลาง,14.72438100,101.19099800,ทัศนียภาพสวยงามเป็นที่พักผ่อนหย่อนใจ,เป็นน้ำตกที่มีความสวยงามมาก เนื่องจากเป็นน้ำตกที่เกิดจากทางน้ำไหลผ่านบ้านเจ็ดสาวน้อย และมี 7 ชั้น แต่ละชั้นมีความสูงตั้งแต่ 2-4 เมตร ความกว้างของน้ำตกประมาณ 20 เมตร ซึ่งระยะทางจากชั้นที่ 1 ถึง ชั้นที่ 7 มีความยาวรวมทั้งสิ้น 490 เมตร ชั้นที่สวยงามที่สุดคือชั้นที่ 4 มีความสูง 4 เมตร
65,บึงพระราม,7,แหล่งน้ำ,ประตูชัย,พระนครศรีอยุธยา,พระนครศรีอยุธยา,กลาง,14.35479800,100.56276450,แหล่งท่องเที่ยวสำคัญของจังหวัด,เป็นบึงที่มีความสัมพันธ์กับประวัติสาสตร์และนิทานพื้นบ้าน เป็นบึงขนาดใหญ่กลางเมืองเก่าอยุธยาที่เกิดจากการขุดดินไปถมสร้างวังเเละวัดบริเวณรอบ ๆ ปัจจุบันอยู่ในสวนสาธารณะพระราม
66,ถ้ำธารลอด,4,ถ้ำ,เขาโจด,ศรีสวัสดิ์,กาญจนบุรี,ตะวันตก,14.65805600,99.30444400,ทัศนียภาพสวยงามเป็นแหล่งท่องเที่ยวที่สำคัญ,เป็นถ้ำขนาดใหญ่ในภูเขาหินปูน ภายในถ้ำมีหินงอกหินย้อยปรากฏเป็นรูปต่าง ๆ มี 2 ถ้ำ คือ ถ้ำธารลอดน้อยและถ้ำธารลอดใหญ่ มีทางเดินศึกษาธรรมชาติถ้ำธารลอดน้อย-ถ้ำธารลอดใหญ่ เป็นเส้นทางลัดเลาะลำธารสลับกับภูเขา ระยะทางประมาณ 2.5 กิโลเมตร
67,ถ้ำพระธาตุ,4,ถ้ำ,ท่ากระดาน,ศรีสวัสดิ์,กาญจนบุรี,ตะวันตก,14.39638900,99.08111100,ทัศนียภาพสวยงามเป็นแหล่งท่องเที่ยวที่สำคัญและเป็นแหล่งศึกษาทางโบราณคดี,เป็นถ้ำมืดขนาดใหญ่ พื้นถ้ำเรียบ มีความยาวประมาณ 200 เมตร มีหินงอกและหินย้อยรูปร่างสวยงามแปลกตา จุดเด่นของถ้ำพระธาตุ คือ หินส่วนใหญ่จะโปร่งแสง และมีหินทรายรูปร่างคล้ายพระธาตุ นอกจากนี้ยังมีเสาเอก เสาโท อยู่ภายในถ้ำอีกด้วย ภายในถ้ำแบ่งเป็น 5 ห้อง
68,ถ้ำดาวดึงส์,4,ถ้ำ,ไทรโยค,ไทรโยค,กาญจนบุรี,ตะวันตก,14.47316100,98.83467900,ทัศนียภาพสวยงามเป็นแหล่งท่องเที่ยวที่สำคัญ,เป็นโครงสร้างทางธรรมชาติที่ดี หายาก และมีทัศนียภาพที่สวยงาม ภายในถ้ำมีหินงอกหินย้อย รูปร่างวิจิตรพิสดาร บางลักษณะเป็นคล้ายพระปรางค์ คล้ายเจดีย์ โคมระย้า คล้ายชายสไบ ฯลฯ
69,ถ้ำละว้า,4,ถ้ำ,วังกระแจะ,ไทรโยค,กาญจนบุรี,ตะวันตก,14.299416 ,98.98224400,ทัศนียภาพสวยงามเป็นแหล่งท่องเที่ยวที่สำคัญและเป็นแหล่งศึกษาทางโบราณคดี,เป็นถ้ำขนาดใหญ่ที่มีความสวยงามมาก เป็นโครงสร้างทางธรรมชาติที่ดี และหายาก ภายในถ้ำมีอากาศปลอดโปร่ง มีหินงอกหินย้อยที่มีความวิจิตรตระการตา บ้างเป็นรูปคล้ายพระปรางค์ เจดีย์ มีหลายห้อง
70,น้ำตกเขาพัง (น้ำตกไทรโยคน้อย),5,น้ำตก,ท่าเสา,ไทรโยค,กาญจนบุรี,ตะวันตก,14.23852100,99.05832100,ทัศนียภาพสวยงามเป็นแหล่งท่องเที่ยวที่สำคัญ,เป็นน้ำตกขนาดเล็ก ที่ยังคงสภาพความเป็นธรรมชาติที่สวยงามร่มรื่น มีน้ำไหลลงมาที่บริเวณหน้าผา ตกลงสู่โขดหินที่ลดหลั่นกันลงมา แล้วจึงไหลเป็นธารน้ำสู่แอ่งน้ำเบื่องล่าง ด้านบนของน้ำตกมีการค้นพบถ้ำสวรรค์-วังบาดาล ซึ่งเป็นถ้ำขนาดเล็ก มีความสวยงามมาก
71,น้ำตกไทรโยคใหญ่,5,น้ำตก,ไทรโยค,ไทรโยค,กาญจนบุรี,ตะวันตก,14.43690600,98.85113700,ทัศนียภาพสวยงามเป็นแหล่งท่องเที่ยวที่สำคัญ,เป็นน้ำตกขนาดเล็ก มีอีกชื่อหนึ่งว่า น้ำตกเขาโจน เพราะน้ำที่ตกลงมาจากหน้าผาสู่แม่น้ำแควน้อยแรงมากราวกับกระโจนลงมา น้ำตกไทรใหญ่จะมีน้ำตลอดปี แต่น้ำจะแรงมากในฤดูฝน ความเด่นของน้ำตก คือ ที่ด้านหน้าของน้ำตกอยู่บนลำน้ำแคว 
72,น้ำตกห้วยแม่ขมิ้น,5,น้ำตก,แม่กระบุง,ศรีสวัสดิ์,กาญจนบุรี,ตะวันตก,14.63750000,98.98750000,ทัศนียภาพสวยงามเป็นแหล่งท่องเที่ยวที่สำคัญ,เกิดจากลำห้วยแม่ขมิ้นที่ไหลผ่านเทือกเขาหินปูนลดหลั่นลงมาเป็นชั้น ๆ ก่อให้เกิดน้ำตกที่สวยงามทั้งหมด 7 ชั้น ไหลลงมาจากเขื่อนศรีนครินทร์ ความงามของม่านน้ำตกที่ไหลลดหลั่นกันลงมาเป็นชั้นเล็กชั้นน้อย มีความสวยงามมาก
73,น้ำตกเอราวัณ (เขาสลอบ),5,น้ำตก,ท่ากระดาน,ศรีสวัสดิ์,กาญจนบุรี,ตะวันตก,14.36833300,99.14388900,ทัศนียภาพสวยงามเป็นแหล่งท่องเที่ยวที่สำคัญ,"เป็นน้ำตกขนาดใหญ่ที่มีความสวยงามมาก มีความยาวประมาณ 2 กิโลเมตร มีทั้งหมด 7 ชั้น ธารน้ำตกไหลลงมาตามชั้นหินที่เป็นตะกอนหินปูนเกิดเป็นชั้น ๆ กลมมนคล้ายหัวช้างสามเศียรหรือที่เรียกว่า ""ช้างเอราวัณ"" จึงเป็นที่มาของ ""อุทยานแห่งชาติเอราวัณ"""
74,สวนหิน (กาญจนบุรี),10,ธรณีสัณฐานและภูมิลักษณวรรณา,ทุ่งนาคราช,เมืองกาญจนบุรี,กาญจนบุรี,ตะวันตก,13.98983400,99.453941 ,ทัศนียภาพสวยงามเป็นแหล่งท่องเที่ยวที่สำคัญ,สวนหินหรือลานหินผุดมีลักษณะเป็นโขดหินปูนเตี้ย ๆ มีรูปร่างและขนาดต่าง ๆ กัน กระจายอยู่ตามที่ราบระหว่างเขาและที่ลาดเนินเขา ที่ระดับความสูง 55-60 เมตร เหนือระดับน้ำทะเลปานกลาง
75,เขางู,3,ภูเขา,เกาะพลับพลา,เมืองราชบุรี,ราชบุรี,ตะวันตก,13.56888900,99.77472200,เป็นเอกลักษณ์ของท้องถิ่นและเป็นสถานที่ศักดิ์สิทธิ์,เป็นภูเขาหินปูนอยู่ในอำเภอเมือง จังหวัดราชบุรี เคยเป็นแหล่งระเบิดหินปูน ต่อมาจึงได้พัฒนาเป็นสวนสาธารณะเขางู มีทัศนียภาพที่งดงาม เทือกเขาต่าง ๆ มีความลดหลั่นกันคล้ายงูเลื้อย อีกทั้งยังเป็นแหล่งโบราณคดีที่หาได้ยาก
76,ถ้ำเขาบิน,4,ถ้ำ,หินกอง,เมืองราชบุรี,ราชบุรี,ตะวันตก,13.59277700,99.66589700,เป็นเอกลักษณ์ของท้องถิ่น,เป็นถ้ำที่มีโครงสร้างทางธรรมชาติที่ดี หายาก ภายในถ้ำเต็มไปด้วยหินงอกหินย้อยที่มีความสวยงาม
77,ถ้ำจอมพล,4,ถ้ำ,จอมบึง,จอมบึง,ราชบุรี,ตะวันตก,13.62672400,99.58906900,ทัศนียภาพสวยงามเป็นแหล่งท่องเที่ยวที่สำคัญและเป็นสถานที่ศักดิ์สิทธิ์,เป็นถ้ำที่มีหินงอกหินย้อยภายในที่มีความงดงามแปลกตา ลักษณะของหินงอกหินย้อยจะคล้ายม่านน้ำตกขนาดใหญ่ หรือเครื่องประดับยศจอมพล
78,เขาเจ้าลาย,3,ภูเขา,เขาใหญ่,ชะอำ,เพชรบุรี,ตะวันตก,12.83574200,99.95141 ,ทัศนียภาพสวยงามเป็นแหล่งท่องเที่ยวที่สำคัญและเป็นเอกลักษณ์ของท้องถิ่น,ป็นภูเขาที่เป็นประติมากรรมทางธรรมชาติ มีลักษณะสวยงามและเป็นเอกลักษณ์ ทอดยาวตามแนวเหนือ-ใต้ มองดูคล้ายนางยักษ์ (นางพันธุรัต) นอนอยู่ มีโกศอยู่ทางทิศใต้ บนเขามีถ้ำและสามารถมองเห็นทิวทัศน์สวยงาม
79,เขาวัง (เพชรบุรี),3,ภูเขา,คลองกระแซง,เมืองเพชรบุรี,เพชรบุรี,ตะวันตก,13.10915735,99.93657048,เป็นเอกลักษณ์ของท้องถิ่น,เป็นภูเขาหินปูนขนาดย่อมสูงประมาณ 92 เมตร รัชกาลที่ 4 ทรงสร้างพระราชวังสำหรับแปรพระราชฐานขึ้นบนเขาวัง ซึ่งเขาวังนี้ประกอบด้วยยอดเขาใหญ่ ๆ 3 ยอดด้วยกัน คือ ยอดเขาด้านทิศตะวันออก เขายอดกลาง และยอดเขาด้านทิศตะวันตก
80,ถ้ำเขาหลวง,4,ถ้ำ,ธงชัย,เมืองเพชรบุรี,เพชรบุรี,ตะวันตก,13.13519000,99.93294300,เป็นที่ประดิษฐานพระพุทธรูปปางมารวิชัยที่รัชกาลที่ 5 สร้างเป็นพระราชกุศลแด่ราชวงศ์จักรี,เป็นถ้ำที่เกี่ยวกับประวัติศาสตร์และเป็นที่ประดิษฐานพระพุทธรูปปรางมารวิชัย ซึ่งรัชกาลที่ 5 ทรงสร้างถวายเป็นพระราชกุศลแก่ราชวงศ์จักรี
81,หาดเจ้าสำราญ,8,ชายหาด,เจ้าสำราญ,เมืองเพชรบุรี,เพชรบุรี,ตะวันตก,13.00558900,100.06512300,ทัศนียภาพสวยงามเป็นแหล่งท่องเที่ยวที่สำคัญและเกี่ยวข้องทางประวัติศาสตร์,เป็นหาดที่มีโครงสร้างทางธรรมชาติที่ดี มีทัศนียภาพที่สวยงาม และเกี่ยวข้องกับประวัติศาสตร์ เป็นหาดทรายยาวตามแนวชายฝั่ง และมีจุดชมวิวที่สามารถมองเห็นได้ชัดเจน
82,หาดชะอำ,8,ชายหาด,ชะอำ,ชะอำ,เพชรบุรี,ตะวันตก,12.7945 ,99.98408600,ทัศนียภาพสวยงามเป็นแหล่งท่องเที่ยวที่สำคัญ,เป็นหาดที่มีโครงสร้างตามธรรมชาติที่สวยงาม เดิมเป็นสถานที่พักผ่อนของเจ้านายชั้นผู้ใหญ่ในสมัยก่อน ปัจจุบันเป็นสถานที่ท่องเที่ยวตากอากาศที่มีชื่อเสียงแห่งหนึ่งของจังหวัดเพชรบุรี
83,น้ำตกห้วยยาง,5,น้ำตก,ห้วยยาง,ทับสะแก,ประจวบคีรีขันธ์,ตะวันตก,11.62527800,99.61388900,ทัศนียภาพสวยงามเป็นแหล่งท่องเที่ยวที่สำคัญ,เป็นโครงสร้างทางธรรมชาติที่ดี หายาก และทัศนียภาพที่สวยงาม น้ำตกมี 5 ชั้น สภาพพื้นที่บริเวณน้ำตกชุ่มชื่นสวยงาม มีโขดหินขนาดใหญ่มากมาย รวมทั้งชั้นหินที่มีลักษณะเป็นแอ่งน้ำ ซึ่งมีธารน้ำไหลลงสู่เบื้องล่างอีกชั้นหนึ่ง
84,หาดวนกร,8,ชายหาด,ห้วยยาง,ทับสะแก,ประจวบคีรีขันธ์,ตะวันตก,11.63615900,99.70349900,ทัศนียภาพสวยงามเป็นแหล่งท่องเที่ยวที่สำคัญ,เป็นพื้นที่ที่มีโครงสร้างทางธรรมชาติที่ดี หายาก และมีทัศนียภาพที่สวยงาม เป็นหาดทรายที่มีทรายละเอียดขาวสะอาด ทอดตัวเป็นแนวยาวสลับกับหัวกรังที่ยื่นลงไปในทะเลเป็นตอน ๆ
85,หาดหัวหิน (ประจวบคีรีขันธ์),8,ชายหาด,หัวหิน,หัวหิน,ประจวบคีรีขันธ์,ตะวันตก,12.56972200,99.96138900,มีโครงสร้างทางธรรมชาติที่ดี ทัศนียภาพสวยงามเป็นแหล่งท่องเที่ยวที่สำคัญ,หาดหัวหินนั้นนับว่าเป็นโครงสร้างทางธรรมชาติที่ดี หายาก และมีทัศนียภาพที่สวยงาม เป็นชายหาดที่มีหาดทรายขาวละเอียด เป็นแหล่งท่องเที่ยวพักตากอากาศที่มีชื่อเสียงแห่งแรกของเมืองไทย และเป็นสถานที่พักตากอากาศที่มีชื่อเสียงระดับโลก
86,เขาเต่า,3,ภูเขา,หนองแก,หัวหิน,ประจวบคีรีขันธ์,ตะวันตก,12.45527800,99.97861100,ทัศนียภาพสวยงามเป็นแหล่งท่องเที่ยวที่สำคัญ,ลักษณะของเขาเต่าเป็นโครงสร้างทางธรรมชาติที่ดี หายาก และมีทัศนียภาพที่สวยงาม เป็นภูเขาหินปูนที่สวยงาม สามารถมองเห็นวิวได้ 360 องศา
87,ดอนหอยหลอด,8,ชายหาด,บางจะเกร็ง,เมืองสมุทรสงคราม,สมุทรสงคราม,กลาง,13.36179200, 100.023104 ,แหล่งท่องเที่ยวสำคัญของจังหวัด,เป็นสถานที่ที่มีความเป็นเอกลักษณ์หรือสัญลักษณ์ท้องถิ่นของเมืองสมุทรสงคราม และมีลักษณะเด่นที่หาพบได้ยากในประเทศไทย เพราะเป็นที่อยู่อาศัยของหอยหลายชนิด โดยเฉพาะหอยหลอด ซึ่งจัดว่าเป็นพื้นที่ที่พบหอยหลอดได้มากที่สุดในบริเวณชายฝั่งอ่าวไทยทั้งหมด
88,น้ำตกนางรอง,5,น้ำตก,หินตั้ง,เมืองนครนายก,นครนายก,กลาง,14.32777800,101.31888900,ทัศนียภาพสวยงามเป็นแหล่งท่องเที่ยวที่สำคัญ,เป็นน้ำตกขนาดกลางไหลลงมาตามโขดหินขนาดใหญ่ ลดหลั่นกันเป็นชั้น ๆ เป็นทางยาวประมาณ 100 เมตร สภาพแวดล้อมรอบข้างบริเวณร่มรื่นมีต้นน้ำอยู่ในเขตอุทยานแห่งชาติเขาใหญ่
89,น้ำตกสาริกา,5,น้ำตก,สาริกา,เมืองนครนายก,นครนายก,กลาง,14.30833300,101.25500000,ทัศนียภาพสวยงามเป็นแหล่งท่องเที่ยวที่สำคัญ,เป็นน้ำตกขนาดใหญ่ สายน้ำไหลตกจากหน้าผาสูงชันเป็นทอด ๆ ถึง 9 ชั้น ผาที่สูงที่สุดประมาณ 100 เมตร แต่ละชั้นมีอ่างรับน้ำขนาดย่อม เหมาะแก่การลงเล่นน้ำ แต่ในฤดูฝนจะมีปริมาณน้ำมาก
90,แก่งสลัดได,2,แก่ง,บุฝ้าย,ประจันตคาม,ปราจีนบุรี,ตะวันออก,14.18527800,101.593889 ,เป็นแหล่งต้นน้ำลำธารจากอุทยานแห่งชาติเขาใหญ่และเป็นแหล่งศึกษาด้านวิทยาศาสตร์และภูมิศาสตร์,เป็นน้ำตกที่มีลักษณะเป็นแก่งน้ำกว้าง มีสะพานแขวนทอดข้ามน้ำตกตะคร้อ สภาพเป็นแก่งน้ำไหลตามหุบเขาเทือกเขาใหญ่ มีน้ำไหลเชี่ยวเฉพาะหน้าฝน ไหลลดระดับตามแก่งหิน สองฝากมีเนินเขา และมีป่าโปร่งเหมาะแก่การเดินเล่นและพักผ่อน
91,น้ำตกเขาอีโต้,5,น้ำตก,บ้านพระ,เมืองปราจีนบุรี,ปราจีนบุรี,ตะวันออก,14.15151000,101.40950200,เป็นเอกลักษณ์ของท้องถิ่น,เป็นลำธารขนาดใหญ่ ที่มีเอกลักษณ์ของท้องถิ่น
92,น้ำตกห้วยเกษียร,5,น้ำตก,ดงขี้เหล็ก,เมืองปราจีนบุรี,ปราจีนบุรี,ตะวันออก,14.16527600,101.44793800,เป็นเอกลักษณ์ของท้องถิ่น,เป็น้ำตกที่อยู่บริเวณที่ราบเชิงเขา ระหว่างเขาชีปิด และเทือกเขาอีกแนวหนึ่ง ทำให้พื้นที่มีลักษณะเป็นแอ่งเว้า มีชั้นเดียวสูงประมาณ 2 เมตร
93,เขาหินซ้อน,3,ภูเขา,เขาหินซ้อน,พนมสารคาม,ฉะเชิงเทรา,ตะวันออก,13.76050000,101.51140000,เป็นเอกลักษณ์ของท้องถิ่น,เป็นเขาที่มีก้อนหินทรายสีขาวนวลขนาดใหญ่ ตั้งซ้อน ๆ กัน หลายขนาดตามธรรมชาติ แลดูสวยงามเเละแปลกตา ซึ่งมีความเป็นเอกลักษณ์หรือสัญลักษณ์ของท้องถิ่น
94,เกาะสีชัง,1,เกาะ,ท่าเทววงษ์,เกาะสีชัง,ชลบุรี,ตะวันออก,13.15080100,100.810029 ,เป็นเอกลักษณ์ของท้องถิ่นและเป็นสถานที่มีความสำคัญทางประวัติศาสตร์,"เป็นเอกลักษณ์ของท้องถิ่น และมีสถานที่ที่มีความสำคัญเกี่ยวกับประวัติศาสตร์ เช่น พระราชวัง และพระตำหนักต่าง ๆ ในรัชกาลที่ 5 ซึ่งอยู่ทางทิศใต้ของเกาะ เป็นบริเวณเขตพระราชฐานเดิม ถ้ำต่าง ๆ ศาลเจ้า ""เจ้าพ่อเข้าใหญ่"" เป็นต้น"
95,หาดบางแสน,8,ชายหาด,แสนสุข,เมืองชลบุรี,ชลบุรี,ตะวันออก,13.28435600,100.91492000,ทัศนียภาพสวยงามเป็นแหล่งท่องเที่ยวที่สำคัญ,เป็นหาดทรายริมทะเลอ่าวไทยแห่งหนึ่ง เป็นสถานที่ท่องเที่ยวที่เป็นที่รู้จักและนิยมมาอย่างยาวนานของนักท่องเที่ยว บริเวณชายหาดมีเส้นทางปูนที่สองข้างทางร่มรื่นด้วยต้นมะพร้าวเป็นทิวแถมยาวมองแล้วสวยงาม
96,หาดพัทยา,8,ชายหาด,นาเกลือ,บางละมุง,ชลบุรี,ตะวันออก,12.93138900,100.87861100,ทัศนียภาพสวยงามเป็นแหล่งท่องเที่ยวที่สำคัญและมีชื่อเสียงมากที่สุดแห่งหนึ่งของประเทศไทย,เป็นหาดที่มีลักษณะเป็นโครงสร้างตามธรรมชาติที่ดี เป็นสถานที่ท่องเที่ยวยอดนิยมตั้งแต่อดีตจวบจนปัจจุบันของทั้งชาวไทยและชาวต่างชาติ มีความยาวประมาณ 3 กิโลเมตร หาดพัทยา แบ่งเป็นช่วงได้ 3 ช่วงคือ  พัทยาเหนือ พัทยากลาง และพัทยาใต้
97,หาดจอมเทียน,8,ชายหาด,หนองปรือ,บางละมุง,ชลบุรี,ตะวันออก, 12.891389,100.87305600,ทัศนียภาพสวยงามเป็นแหล่งท่องเที่ยวที่สำคัญ,"เป็นหาดที่มีโครงสร้างทางธรรมชาติที่ดี เดิมเรียกว่า ""หาดดงตาล"" เพราะมีต้นตาลตลอดเเนว มีหาดทรายขาวสะอาดและมีทรายสีน้ำตาลอ่อน ลักษณะเนื้อทรายค่อนข้างหยาบ เป็นแหล่งท่องเที่ยวที่ค่อนช้างเงียบสงบ มีสถานที่พักผ่อน เล่นน้ำ และกิจกรรมกีฬาทางน้ำ"
98,น้ำตกเขาชะเมา (น้ำตกคลองน้ำใส),5,น้ำตก,น้ำเป็น,เขาชะเมา,ระยอง,ตะวันออก,12.91500600,101.73679000,ทัศนียภาพสวยงามเป็นแหล่งท่องเที่ยวที่สำคัญ,เป็นน้ำตกที่มีโครงสร้างทางธรรมชาติที่ดี หายาก และมีทัศนียภาพที่สวยงาม มีต้นกำเนิดมาจากยอดเขาชะเมา ไหลลงมาเป็นระยะทาง 3 กิโลเมตร ลักษณะเป็นธารน้ำใส รองรับน้ำตกขนาดใหญ่ บริเวณโดยรอบมีความร่มรื่น สวยงาม
99,น้ำตกธรรมรส,5,น้ำตก,ป่ายุบใน,วังจันทร์,ระยอง,ตะวันออก,13.00500000,101.4275 ,ทัศนียภาพสวยงามเป็นแหล่งท่องเที่ยวที่สำคัญ,เป็นน้ำตกขนาดกลาง มีความกว้างประมาณ 3.5 เมตร บริเวณน้ำตกค่อนข้างลาดชันแต่ไม่สูงมาก ส่วนพื้นที่ด้านล่างน้ำตกเป็นที่ราบ ในฤดูเเล้งน้ำจะน้อย แต่หน้าฝนน้ำตกจะสวยงามมาก
100,หาดทรายแก้ว (เกาะเสม็ด ระยอง),8,ชายหาด,เพ,เมืองระยอง,ระยอง,ตะวันออก,12.56750000,101.46444400,ทัศนียภาพสวยงามเป็นแหล่งท่องเที่ยวที่สำคัญ,เป็นหาดที่มีโครงสร้างทางธรรมชาติที่ดี หายาก และมีทัศนียภาพที่สวยงาม เป็นชายหาดที่มีทรายละเอียดเหมือนแป้ง มีความขาวละเอียดดุจแก้ว น้ำทะเลใส สวยงาม และไม่มีโขดหินมาบดบังวิวสวย ๆ ของน้ำทะเล
101,หาดแม่รำพึง,8,ชายหาด,ตะพง,เมืองระยอง,ระยอง,ตะวันออก,12.61083300,101.38388900,ทัศนียภาพสวยงามเป็นแหล่งท่องเที่ยวที่สำคัญ,ตัวหาดมีโครงสร้างทางธรรมชาติที่ดี หายาก มีทัศนียภาพที่สวยงาม เป็นสถานที่ท่องเที่ยวที่สำคัญแห่งหนึ่งในจังหวัดระยอง น้ำทะเลสีคราม สดใส มองเห็นทรายสวยงาม
102,แหลมแม่พิมพ์,8,ชายหาด,กร่ำ,แกลง,ระยอง,ตะวันออก,12.64861100,101.620556 ,ทัศนียภาพสวยงามเป็นแหล่งท่องเที่ยวที่สำคัญ,เป็นหาดที่มีโครงสร้างทางธรรมชาติที่ดี หายาก และมีทัศนียภาพที่สวยงาม เป็นชายหาดชื่อดังแห่งหนึ่งของจังหวัดระยอง นักท่องเที่ยวนิยมมาเที่ยวพักผ่อนกันมากตลอดทั้งปี
103,น้ำตกพลิ้ว,5,น้ำตก,พลิ้ว,แหลมสิงห์,จันทบุรี,ตะวันออก,12.53005400,102.18453200,ทัศนียภาพสวยงามเป็นแหล่งท่องเที่ยวที่สำคัญและเกี่ยวข้องกับประวัติศาสตร์,"เป็นน้ำตกที่มีโครงสร้างทางธรรมชาติที่ดี หายาก มีทัศนียภาพที่สวยงาม และเป็นน้ำตกที่มีพระมหากษัตริย์ของไทย 3 รัชกาล คือ รัชกาลที่ 5, 6 และ 7 ได้เคยเสด็จมาทอดพระเนตรความสวยงามและได้จารึกพระปรมาภิไธยย่อไว้บนก้อนหินขนาดใหญ่ บริเวณหน้าผาเหนือต้นน้ำตกพลิ้ว"
104,น้ำตกกระทิง,5,น้ำตก,พลวง,เขาคิชฌกูฏ,จันทบุรี,ตะวันออก,12.83916700,102.12083300,ทัศนียภาพสวยงามเป็นแหล่งท่องเที่ยวที่สำคัญ,เป็นน้ำตกขนาดใหญ่ที่มีโครงสร้างทางธรรมชาติที่ดี หายาก และมีทัศนียภาพที่สวยงาม ต้นน้ำเกิดจากเทือกเขาคิชฌกูฏ มีชั้นน้ำตก 13 ชั้น สภาพทางขึ้นมีความชื้นและชัน
105,หาดคุ้งวิมาน,8,ชายหาด,คลองขุด,ท่าใหม่,จันทบุรี,ตะวันออก,12.59305600,101.88000000,ทัศนียภาพสวยงามเป็นแหล่งท่องเที่ยวที่สำคัญ,เป็นหาดทรายสลับกับแนวหาดหิน มีโขดหินเป็นหย่อม ๆ ชายหาดมีแนวต้นไม้ที่สร้างความร่มรื่นแก่นักท่องเที่ยว สามารถลงเล่นน้ำได้บางช่วง มีภูเขาที่ช่วยเสริมให้ทัศนียภาพของหาดสวยงามขึ้น
106,แหลมเสด็จคุ้งกระเบน,8,ชายหาด,คลองขุด,ท่าใหม่,จันทบุรี,ตะวันออก,12.57833300,101.89222200,ทัศนียภาพสวยงามเป็นแหล่งท่องเที่ยวที่สำคัญ,เป็นหาดที่มีโครงสร้างทางธรรมชาติที่ดี หายาก และมีทัศนียภาพที่สวยงาม เป็นแหล่งท่องเที่ยวและศึกษาหาความรู้
107,แหลมสิงห์,8,ชายหาด,ปากน้ำแหลมสิงห์,แหลมสิงห์,จันทบุรี,ตะวันออก,12.47944400,102.06472200,เป็นเอกลักษณ์ของท้องถิ่นและเกี่ยวข้องกับประวัติศาสตร์,เป็นชายหาดที่มีความเป็นเอกลักษณ์ของท้องถิ่น และมีความสัมพันธ์เกี่ยวกับประวัติศาสตร์ เป็นชายหาดสีน้ำตาลอมแดงปนดินเลนเนื่องจากเป็นปากอ่าวที่แม่น้ำจันทบุรีไหลออกมา
108,หาดทรายแก้ว (ตราด),8,ชายหาด,แหลมกลัด,เมืองตราด,ตราด,ตะวันออก,12.03805600,102.75472200,เป็นเอกลักษณ์ของท้องถิ่น,เป็นหาดที่มีความเป็นเอกลักษณ์ของท้องถิ่น มีโครงสร้างทางธรรมชาติที่สวยงาม และเป็นแหล่งท่องเที่ยวที่เหมาะสำหรับพักผ่อนและชมธรรมชาติ ชายหาดขาวสะอาด ทัศนียภาพงดงามโดยเฉพาะช่วงดวงอาทิตย์ตกดิน
109,หาดบานชื่น,8,ชายหาด,ไม้รูด,คลองใหญ่,ตราด,ตะวันออก,11.89277800,102.78861100,ทัศนียภาพสวยงามเป็นแหล่งท่องเที่ยวที่สำคัญ,เป็นหาดที่มีโครงสร้างทางธรรมชาติที่ดี หายากและมีทัศนียภาพที่สวยงาม เงียบสงบเหมาะสำหรับการมาพักผ่อน
110,หาดสุขสำราญ (หาดไม้รูด),8,ชายหาด,ไม้รูด,คลองใหญ่,ตราด,ตะวันออก,11.92916700,102.778611 ,ทัศนียภาพสวยงามเป็นแหล่งท่องเที่ยวที่สำคัญ,เป็นชายหาดที่มีโครงสร้างตามธรรมชาติที่ดี และยังคงความสมบูรณ์ของธรรมชาติที่ดี เป็นชายหาดปนโขดหิน มีความยาวของหาดประมาณ 2 กิโลเมตร ทรายขาวละเอียด สวยงามและเป็นแหล่งเที่ยวของจังหวัด
111,อ่าวตาลคู่,8,ชายหาด,บางปิด,แหลมงอบ,ตราด,ตะวันออก,12.20333300,102.27972200,ทัศนียภาพสวยงามเป็นแหล่งท่องเที่ยวที่สำคัญ,เป็นหาดทรายที่มีลักษณะโครงสร้างเป็นรูปตัวยู (U) นับได้ว่าเป็นหาดที่ต่อเนื่องมาจากชายทะเลจังหวัดจันทบุรี ความยาวของหาดประมาณ 1 กิโลเมตร ลักษณะเด่นของอ่าวตาลคู่ คือ เม็ดทรายที่มีสีแดงละเอียดมีความแปลกตาไม่เหมือนที่ใด พื้นทรายราบ สีค่อนข้างแดง มีโขดหินอยู่ประปราย
112,แหลมงอบ,8,ชายหาด,แหลมงอบ,แหลมงอบ,ตราด,ตะวันออก,12.17040500,102.39242200,เป็นเอกลักษณ์ของท้องถิ่นและมีท่าเทียบเรือที่สำคัญ,เป็นหาดที่มีเอกลักษณ์ของท้องถิ่น รวมทั้งเป็นที่ตั้งท่าเทียบเรือเฟอร์รี่ข้ามไปเกาะช้าง
113,เสาหินเหลี่ยม,10,ธรณีสัณฐานและภูมิลักษณวรรณา,ประณีต,เขาสมิง,ตราด,ตะวันออก,12.57639000,102.37490100,เป็นแหล่งศึกษาทางวิทยาศาสตร์ ธรณีวิทยา ภูมิศาสตร์ และโบราณคดี,เป็นแท่งหินอัคนีที่วางเรียงรายกับคล้ายเทวสถาน มีสีน้ำตาลเข้ม เป็นรูปสี่เหลี่ยมถึงเก้าเหลี่ยม ยาวประมาณ 30 เซนติเมตร น้ำหนักตั้งแต่ 10 กิโลกรัม ถึง 100 กิโลกรัม บางก้อนเคาะดูจะมีเสียงคล้ายระฆัง
114,ผาเกิ้ง (ชัยภูมิ),3,ภูเขา,กุดชุมแสง,หนองบัวแดง,ชัยภูมิ,ตะวันออกเฉียงเหนือ,16.00501900,101.89246100,เป็นจุดชมทัศนียภาพที่สวยงามเป็นแหล่งท่องเที่ยวที่สำคัญ,"ผาเกิ้งเป็นชะง่อนผายื่นออกมาลักษณะครึ่งวงกลมเหมือนพระจันทร์ครึ่งเสี้ยว จึงเรียกผานี้ว่า ""ผาเกิ้ง"" บริเวณผาเกิ้งเป็นจุดชมวิวทิวทัศน์ เป็นแหล่งท่องเที่ยวที่มีลักษณะภูมิประเทศเป็นภูเขาสลับซับซ้อนที่มีความสวยงาม"
115,ถ้ำวัวแดง (ชัยภูมิ),4,ถ้ำ,ถ้ำวัวแดง,หนองบัวแดง,ชัยภูมิ,ตะวันออกเฉียงเหนือ,16.07583300,101.44000000,เป็นที่ประดิษฐานพระพุทธรูปและเป็นที่ปฏิบัติธรรมของพระสงฆ์และชาวบ้าน,เป็นถ้ำขนาดเล็ก ภายในถ้ำมีพระพุทธรูปประดิษฐานอยู่เป็นจำนวนมาก บริเวณนอกถ้ำเป็นสำนักสงฆ์ถ้ำวัวแดง ในบริเวณเดียวกันยังมีถ้ำใหญ่น้อยหลายแห่ง เช่น ถ้ำยายชี ถ้ำบ่อทอง เป็นต้น
116,น้ำตกตาดโตน (ชัยภูมิ),5,น้ำตก,นาฝาย,เมืองชัยภูมิ,ชัยภูมิ,ตะวันออกเฉียงเหนือ,15.98194400,102.038889 ,แหล่งท่องเที่ยวสำคัญของจังหวัดและของภาคตะวันออกเฉียงเหนือ,เป็นน้ำตกที่มีลานหินกว้างลดหลั่นเป็นชั้น ๆ สวยงามมาก โดยเฉพาะในฤดูน้ำหลาก สองข้างลำธารมีพันธุ์ไม้ต่าง ๆ ขึ้นร่มรื่น
117,หนองแวง (ชัยภูมิ),7,แหล่งน้ำ,คอนสวรรค์,คอนสวรรค์,ชัยภูมิ,ตะวันออกเฉียงเหนือ,15.92833300,102.278333 ,เป็นเขตรักษาพันธุ์สัตว์ป่าจำพวกนก,เป็นบึงธรรมชาติขนาดกลาง รูปอ่างค่อนข้างกลม มีถนนวงเเหวนสามารถขับรถได้รอบบึง ในช่วงฤดูหนาวระหว่างเดือนพฤศจิกายน-เดือนเมษายน จะมีนกเป็ดน้ำอพยพจากที่อื่นมาอาศัยอยู่เป็นจำนวนมากกว่า 4 หมื่นตัว และยามเย็นโพล้เพล้ นกเป็ดน้ำจะโผลบินขึ้นเป็นฝูง ๆ เต็มท้องฟ้า
118,บึงละหาน (ชัยภูมิ),7,แหล่งน้ำ,ละหาน,จัตุรัส,ชัยภูมิ,ตะวันออกเฉียงเหนือ,15.61527800,101.89083300,"เป็นแหล่งขยายพันธ์ปลารวมทั้งเป็นแหล่งน้ำประปา, ทำประมงและจัดประเพณีทางน้ำ",เป็นแหล่งน้ำขนาดใหญ่เป็นอันดับที่ 4 ของประเทศไทย เป็นแหล่งทรัพยากรธรรมชาติอันอุดมสมบูรณ์และยังมีระบบนิเวศที่ดี บึงละหานได้รับเลือกให้เข้าอยู่ในทะเบียนรายนามพื้นที่ชุ่มน้ำที่มีความสำคัญระดับนานาชาติของไทย มีความสำคัญต่อนกที่อาศัยอยู่ในพื้นที่ชุ่มน้ำ
119,ป่าหินงาม (ชัยภูมิ),10,ธรณีสัณฐานและภูมิลักษณวรรณา,บ้านไร่,เทพสถิต,ชัยภูมิ,ตะวันออกเฉียงเหนือ,15.63273100,101.388811 ,แหล่งท่องเที่ยวสำคัญของจังหวัด,เป็นลานหินที่มีรูปร่างแปลกในพื้นที่กว่า 10 ไร่ เกิดจากการกัดเซาะเนื้อดินและหินในส่วนที่จับตัวกันอย่างเบาบางหลุดออกไป นานวันเข้าจึงเกิดโขดหินที่มีรูปลักษณ์แตกต่างกันมองดูสวยงามเป็นที่อัศจรรย์
120,แก่งฟ้า,2,แก่ง,ท่าพระ,เมืองขอนแก่น,ขอนแก่น,ตะวันออกเฉียงเหนือ,16.30000000,102.06666700,เป็นเอกลักษณ์ของท้องถิ่นและเป็นแหล่งน้ำธรรมชาติ,"เป็นแก่งหินในแม่น้ำชี เดิมมีน้ำเข้มและใสเหมือนสีฟ้า จึงเรียกว่า ""แก่งฟ้า"" ตลิ่งทั้งสองข้างสูง ปัจจุบันมีน้ำมากเนื่องจากสร้างเขื่อนยางบริเวณใต้แก่งฟ้า จึงทำให้มีน้ำมากตลอดปี ไม่สามารถมองเห็นแก่งได้เช่นในอดีต"
121,บึงแก่นนคร,7,แหล่งน้ำ,ในเมือง,เมืองขอนแก่น,ขอนแก่น,ตะวันออกเฉียงเหนือ,16.413333 , 102.838056,เป็นสถานที่พักผ่อนและสวนสาธารณะที่สำคัญที่สุดของจังหวัด,"เป็นบึงที่มีความเป็นเอกลักษณ์ของจังหวัดขอนแก่น และเป็นแหล่งน้ำที่มีความสำคัญทางประวัติศาสตร์ โดยเป็นที่ประดิษฐานอนุสาวรีย์ ""เจ้าเพียเมืองแพน"" ผู้ก่อตั้งเมืองขอนแก่น นอกจากนี้ยังเป็นสถานที่พักผ่อนและเป็นสวนสาธารณะที่สำคัญที่สุดของชาวเมืองขอนเเก่น"
122,ถ้ำผาพวง (ขอนแก่น),4,ถ้ำ,หนองเขียด,ชุมแพ,ขอนแก่น,ตะวันออกเฉียงเหนือ,16.57027800,102.12472200,แหล่งศึกษาธรรมชาติ,"เดิมชื่อ ""ถ้ำร้อยพวง"" เพราะว่าภายในถ้ำมีหินงอกหินย้อยมาเป็นพวงจากผนังเพดานถ้ำ เป็นถ้ำหินปูนขนาดใหญ่ ตั้งอยู่บนเขาภูผาพวง มีหินงอกหินย้อยสวยงาม"
123,ผานกเค้า,3,ภูเขา,ผานกเค้า,ชุมแพ,ขอนแก่น,ตะวันออกเฉียงเหนือ,16.84055600,101.95194400,เป็นภูเขาที่อยู่ใกล้ชุมชนและเป็นที่มาของชื่อตำบล,เป็นภูเขาที่อยู่ในพื้นที่เขตติดต่อ 2 อำเภอ 2 จังหวัด คือ บ้านดงลานอำเภอชุมแพ จังหวัดขอนแก่น และตำบลผานกเค้า อำเภอภูกระดึง จังหวัดเลย เป็นภูเขาหินปูนตั้งตระหง่านอยู่ริมทาง มีรูปร่างคล้ายนกเค้าที่กางปีกออกทั้งสองข้าง เป็นภูเขาสูงตั้งตระหง่านอยู่ริมลำน้ำพอง
124,ถ้ำเอราวัณ,4,ถ้ำ,วังทอง,นาวัง,หนองบัวลำภู,ตะวันออกเฉียงเหนือ,17.34500000,102.01833300,แหล่งท่องเที่ยวสำคัญของจังหวัด,เป็นถ้ำขนาดใหญ่อยู่บนภูเขาสูงซึ่งเป็นภูเขาหินปูน ลักษณะแนวเขาเหมือนช้างเอราวัณ ชาวบ้านเรียกเขานี้ว่า “ผาถ้ำช้าง” เนื่องจากลักษณะเหมือนกับช้างหมอบ ภายในแบ่งเป็นโถงถ้ำเล็ก ๆ มีหินงอกหินย้อยสวยงาม
125,น้ำตกยูงทอง,5,น้ำตก,นายูง,นายูง,อุดรธานี,ตะวันออกเฉียงเหนือ,17.92449700,102.25110200,เป็นเอกลักษณ์ของท้องถิ่น,เป็นน้ำตกขนาดเล็ก มี 3 ชั้น ห่างจากที่ทำการอุทยานแห่งชาตินายูง-น้ำโสม ประมาณ 500 เมตร มีลำน้ำไหลผ่านโขดหินสลับซับซ้อนสวยงามท่ามกลางความเขียวขจีของแมกไม้นานาพรรณ
126,น้ำตกเฒ่าโต้,5,น้ำตก,หนองบัว,เมืองหนองบัวลำภู,หนองบัวลำภู,ตะวันออกเฉียงเหนือ, 17.2300718,102.4599445 ,เป็นเอกลักษณ์ของท้องถิ่น,เป็นน้ำตกขนาดเล็ก มีโขดหินที่มีรูปร่างลักษณะที่หลากหลายแปลกตา บริเวณน้ำตกร่มรื่นด้วยต้นไม้รายรอบ อากาศเย็นสบาย มีจุดชมวิว ที่สามารถมองลงไปเห็นจังหวัดหนองบัวลำภูได้อย่างชัดเจน
127,หอนางอุสา,10,ธรณีสัณฐานและภูมิลักษณวรรณา,เมืองพาน,บ้านผือ,อุดรธานี,ตะวันออกเฉียงเหนือ,17.73250000,102.35333300,แหล่งโบราณสถานเชื่อว่าเคยเป็นที่ประกอบพิธีทางศาสนาระหว่างพุทธศตวรรษที่ 13-16,เป็นหินที่ตั้งซ้อนอยู่บนแกนดิน ตั้งอยู่บริเวณเชิงเขาภูพาน เป็นแหล่งโบราณสถาน ที่เชื่อว่าเคยเป็นสถานที่ประกอบพิธีกรรมทางศาสนาระหว่างพุทธศตวรรษที่ 13-16
128,ภูทอก,3,ภูเขา,นาแสง,ศรีวิไล,บึงกาฬ,ตะวันออกเฉียงเหนือ,18.13586500,103.88204500,แหล่งท่องเที่ยวสำคัญของจังหวัดและเป็นที่ปฏิบัติธรรมของชาวบ้านและพุทธศาสนิกชน,เป็นภูเขาโดดเด่นมองเห็นได้แต่ไกล มีทั้งภูทอกใหญ่ และภูทอกน้อย ภูทอกน้อยเป็นที่ตั้งของวัดเจติยาคีรีวิหาร (วัดภูทอก) เป็นสถานที่ท่องเที่ยวที่สำคัญของจังหวัดบึงกาฬเเละยังคงเป็นสถานที่ปฏิบัติธรรมและปฏิบัติศาสนกิจของชุมชน
129,น้ำตกเจ็ดสีภูวัว,5,น้ำตก,บ้านต้อง,เซกา,บึงกาฬ,ตะวันออกเฉียงเหนือ,18.16111100,103.95527800,เป็นเอกลักษณ์ของท้องถิ่น,เป็นน้ำตกที่สวยงามมากโดยเฉพาะในช่วงฤดูฝน มี 4 ชั้นเกิดจากธารน้ำของห้วยกะอามบนเทือกเขาภูวัว ไหลมาตามหน้าผาหินทรายสูงและแผ่กว้างเป็นทางยาว สายน้ำตกกระทบหินเบื้องล่างเกิดเป็นละอองไอน้ำยามเมื่อกระทบกับแสงแดดทำให้เกิดสีรุ้งขึ้นเป็น 7 สี จึงเรียกว่า น้ำตกเจ็ดสีภูวัว
130,น้ำตกธารทอง,5,น้ำตก,ผาตั้ง,สังคม,หนองคาย,ตะวันออกเฉียงเหนือ,18.02776200,102.36549900,แหล่งท่องเที่ยวสำคัญของจังหวัด,เป็นน้ำตกที่ตกจากหน้าผาสูงประมาณ 30 เมตร เป็นระยะลดหลั่นกันไป ตอนล่างเป็นแอ่งน้ำขนาดใหญ่ และมีลานหินน้ำไหลลงสู่เเม่น้ำโขง บริเวณโดยรอบเป็นสวนรุกชาติมีป่าไม้ขึ้นอยู่หนาแน่น
131,น้ำตกธารทิพย์ (น้ำตกตาดเสริม),5,น้ำตก,บ้านม่วง,สังคม,หนองคาย,ตะวันออกเฉียงเหนือ,18.12397800,102.18535500,เป็นเอกลักษณ์ของท้องถิ่น,"เดิมชื่อ ""น้ำตกตาดหมอก"" เพราะมีหมอกมาก เป็นน้ำตกที่ตกลงมาจากหน้าผา 3 ชั้น สวยงามมาก ชั้นที่ 1 สูงประมาณ 30 เมตร ชั้นที่ 2 สูงประมาณ 100 เมตร ต้องปีนขึ้นไปตามเส้นทางที่ทำไว้ ชั้นที่ 3 สูงประมาณ 70 เมตร สภาพป่าโดยรอบค่อนข้างสมบูรณ์ และมีน้ำไหลอยู่ตลอดปี"
132,แก่งคุดคู้,2,แก่ง,เชียงคาน,เชียงคาน,เลย,ตะวันออกเฉียงเหนือ,17.90694400,101.70138900,แหล่งท่องเที่ยวสำคัญของจังหวัด,เป็นแก่งหินใหญ่วางอยู่กลางลำน้ำโขง ประกอบด้วยหินก้อนใหญ่ ๆ เป็นจำนวนมาก จากการที่หินเหล่านี้อยู่ใต้น้ำเป็นเวลานานทำให้มีสีสันไปต่าง ๆ
133,ภูกระดึง,3,ภูเขา,ศรีฐาน,ภูกระดึง,เลย,ตะวันออกเฉียงเหนือ,16.87111100,101.84583300,แหล่งท่องเที่ยวสำคัญของจังหวัด,เป็นภูเขาหินทรายยอดตัด อยู่ในอุทยานแห่งชาติภูกระดึง บนยอดภูกระดึงเป็นที่ราบกว้างใหญ่ มีเนื้อที่ประมาณ 60 ตารางกิโลเมตร มีต้นสนขึ้นเป็นกลุ่ม ไม้ดอกเเละป่าละเมาะ ทุ่งหญ้าสลับด้วยป่าดงดิบเรียงรายไปตามลำธารอย่างสวยงาม
134,ภูเรือ,3,ภูเขา,หนองบัว,ภูเรือ,เลย,ตะวันออกเฉียงเหนือ,17.514601 ,101.34511500,แหล่งท่องเที่ยวสำคัญของจังหวัด,เป็นภูเขาสูง บนยอดเขาเป็นที่ราบกว้างใหญ่ มีต้นสนขึ้นสลับซับซ้อน มีลักษณะแปลก คือ ส่วนหนึ่งเป็นชะง่อนผาชะโงกยื่นออกไปเหมือนหัวเรือสำเภาใหญ่ อยู่ในอุทยานแห่งชาติภูเรือ
135,ภูหลวง,3,ภูเขา,ท่าศาลา,ภูเรือ,เลย,ตะวันออกเฉียงเหนือ,17.36194400, 101.505278,"เป็นเขตรักษาพันธุ์สัตว์ป่าที่มีเนื้อที่ 530,000 ไร่ ถือเป็นแหล่งท่องเที่ยวสำคัญของจังหวัด",เป็นเทือกเขาที่มีแนวยาวขนาดใหญ่ บนยอดเขามีสภาพทั่วไปเป็นที่ราบสูงอากาศเย็นตลอดปี บนภูหลวงมีเส้นทางเดินชมธรรมชาติที่ต่อเนื่องกันอย่างสวยงาม
136,ถ้ำผาพุง (เลย),4,ถ้ำ,เขาหลวง,วังสะพุง,เลย,ตะวันออกเฉียงเหนือ,17.32583300,101.66638900,เป็นสถานที่ปฏิบัติธรรมของพระสงฆ์,เป็นถ้ำขนาดใหญ่ปากถ้ำกว้างประมาณ 10 เมตร ถ้ำลึกประมาณ 160 เมตร บริเวณปากถ้ำประดิษฐานพระพุทธรูป และรูปหล่อสมเด็จพระพุฒาจารย์ (โต พรหมรังสี) และพระอาจารย์ประยุทธ  ธัมมยุตโต บริเวณทางขึ้นร่มรื่น
137,ถ้ำผาปู่,4,ถ้ำ,นาอ้อ,เมืองเลย,เลย,ตะวันออกเฉียงเหนือ,17.57874100,101.71119000,แหล่งท่องเที่ยวสำคัญของจังหวัดและเป็นแหล่งศักดิ์สิทธิ์,ถ้ำเป็นโพรงลึกลงไปใต้ดิน เป็นภูเขาหินปูน อยู่ในอาณาเขตวัดถ้ำผาปู่  ภายในมีโถงถ้ำกว้าง 3 ห้อง และมีหินงอกหินย้อยบางส่วน
138,ถ้ำทอง,4,ถ้ำ,ค้อเขียว,วาริชภูมิ,สกลนคร,ตะวันออกเฉียงเหนือ,17.25583300, 103.503333,เป็นสถานที่ปฏิบัติธรรมของพระสงฆ์,"มีลักษณะเป็นชะง่อนหินใหญ่ที่เกิดจากการผุกร่อนพังทลายอยู่ในเขตป่าสงวนบนภูผาทอง เทือกเขาภูพาน เดิมมีพระทอง จึงเรียกว่า ""ถ้ำพระทอง"" ปัจจุบันคงเหลือแต่พระหินสัมฤทธิ์ไม้ และศิลาจารึกสมัยเมื่อกว่า 1,000 ปีมาเเล้ว"
139,น้ำตกคำหอม,5,น้ำตก,ห้วยยาง,เมืองสกลนคร,สกลนคร,ตะวันออกเฉียงเหนือ,17.12327800,104.01869500,แหล่งท่องเที่ยวสำคัญของจังหวัด,เป็นน้ำตกขนาดไม่ใหญ่มาก ค่อย ๆ ไหลลดหลั่นลงมาเป็นธารน้ำตก มีต้นกำเนิดจากเขาถ้ำดงลิงบนภูเขียวไหลลงมาสู่อ่างเก็บน้ำห้วยเดียก บริเวณโดยรอบน้ำตกมีทัศนียภาพที่สวยงามร่มรื่นมีโขดหินมากมาย เหมาะแก่การนั่งพักผ่อนชมธรรมชาติและลงเล่นน้ำได้
140,น้ำตกตาดโตน (สกลนคร),5,น้ำตก,ห้วยยาง,เมืองสกลนคร,สกลนคร,ตะวันออกเฉียงเหนือ,17.12138900,104.02694400,เป็นน้ำตกที่อยู่ภายในเขตพระตำหนักภูพานราชนิเวศน์,เป็นน้ำตกขนาดเล็ก ขนาดความสูงประมาณ 3 เมตร อยู่ในเขตพระตำหนักภูพานราชนิเวศน์ เป็นทางน้ำไหลที่ต่อเนื่องมาจากน้ำตกคำหอม ปลายน้ำตกเป็นอ่างเก็บน้ำภายในภูพานราชนิเวศน์
141,หนองหาร,7,แหล่งน้ำ,ธาตุเชิงชุม,เมืองสกลนคร,สกลนคร,ตะวันออกเฉียงเหนือ,17.18307600,104.16308100,เป็นแหล่งน้ำขนาดใหญ่ที่สุดในภาคตะวันออกเฉียงเหนือ,"เป็นแหล่งน้ำที่มีความเป็นเอกลักษณ์ มีความประวัติศาสตร์หรือนิทานพื้นบ้าน ตำนาน ""พญาพังคี"" หนองหารเป็นทะเลสาบน้ำจืดที่มีชื่อเสียงและมีขนาดใหญ่ที่สุดในภาคตะวันออกเฉียงเหนือ เป็นแหล่งน้ำที่มีความสำคัญอย่างยิ่งต่อมนุษย์และสัตว์ เป็นแหล่งศึกษาอารยธรรมโบราณของชุมชน"
142,ถ้ำพระเวส,4,ถ้ำ,นาแก,นาแก,นครพนม,ตะวันออกเฉียงเหนือ,16.88183200,104.47017900,"เคยเป็นที่วิปัสนากรรมฐานของหลวงปู่ฝั้น อาจาโร, หลวงปู่แหวน สุจิณโณ, หลวงปู่มั่น ถูริทัตโต, หลวงตามหาบัว",เป็นถ้ำที่มีความสงบ วิเวก สวยงามมาก ความยาวของผนังถ้ำใต้ชะง่อนผา ประมาณ 200 เมตร เป็นที่ตั้งของสำนักสงฆ์ถ้ำพระเวส ปัจจุบันชื่อวัดธรรมบรรพต มีพระพุทธรูปปางต่าง ๆ ประดิษฐานอยู่
143,น้ำตกตาดขาม,5,น้ำตก,นางัว,บ้านแพง,นครพนม,ตะวันออกเฉียงเหนือ,17.95204100,104.15776100,แหล่งท่องเที่ยวและแหล่งธรรมชาติศึกษา,เป็นน้ำตกขนาดกลางไหลเป็นชั้น ๆ ซึ่งเกิดจากภูลังกา เกิดจากลำธารหลายสาย บนยอดเขาไหลมาบรรจบกันเป็นลำห้วยขาม เป็นน้ำตกที่ไม่สูงนัก บริเวณใกล้ ๆ มีลานหินเล็ก ๆ สำหรับพักผ่อน เฉพาะชั้นสุดท้ายจะมีแอ่งน้ำขังตลอดปี เสียงน้ำตกดังก้องไปทั่วบริเวณโดยรอบร่มรื่นสวยงามมาก
144,น้ำตกตาดโพธิ์,5,น้ำตก,ไผ่ล้อม,บ้านแพง,นครพนม,ตะวันออกเฉียงเหนือ,17.98545000,104.14003000,แหล่งท่องเที่ยวและแหล่งธรรมชาติศึกษา,เป็นน้ำตกขนาดเล็ก 3 ชั้น มีน้ำเฉาะช่วงฤดูฝน บริเวณโดยรอบยังเป็นป่าที่อุดมสมบูรณ์ เป็นแหล่งท่องเที่ยวและศึกษาธรรมชาติในจังหวัดนครพนม
145,สวนสาธารณะศรีโคตรบูรณ์ (บึงใหญ่),7,แหล่งน้ำ,ธาตุพนม,ธาตุพนม,นครพนม,ตะวันออกเฉียงเหนือ,17.41611100,104.78000000,เป็นสถานที่พักผ่อนหย่อนใจและสวนสุขภาพ,เป็นหนองน้ำที่เกิดจากการทิ้งระเบิดในสมัยสงครามอินโดจีนเกิดเป็นหลุมบ่อ ต่อมามีน้ำขังในบึงตลอดปี ปัจจุบันบึงใหญ่เป็นสถานที่พักผ่อนหย่อนใจของชาวอำเภอธาตุพนม
146,แก่งกะเบา,2,แก่ง,โป่งขาม,หว้านใหญ่,มุกดาหาร,ตะวันออกเฉียงเหนือ,16.80166700, 104.733056,แหล่งท่องเที่ยวสำคัญริมฝั่งแม่น้ำโขง,มีลักษณะเป็นแก่งหินยาวกลางลำน้ำโขง บนฝั่งมีลานหินกว้าง เป็นสถานที่ท่องเที่ยวพักผ่อนหย่อนใจที่สำคัญริมแม่น้ำโขงของจังหวัดมุกดาหาร
147,ภูผาเทิบ,3,ภูเขา,นาสีนวน,เมืองมุกดาหาร,มุกดาหาร,ตะวันออกเฉียงเหนือ,16.43944400,104.75666700,แหล่งท่องเที่ยวที่สำคัญของจังหวัดและแหล่งธรรมชาติศึกษา,เป็นกลุ่มหินทรายหลายรูปแบบวางตัวเรียงซ้อนกันคล้ายกับรูปทรงต่าง ๆ บริเวณรอบ ๆ เต็มไปด้วยป่าเต็งรัง ในช่วงฤดูฝน ฤดูหนาวจะเต็มไปด้วยพันธุ์ไม้ดอกอันงดงามท่ามกลางอากาศเย็นสบายสดชื่น
148,ภูถ้ำพระ (มุกดาหาร),3,ภูเขา,นาสีนวน,เมืองมุกดาหาร,มุกดาหาร,ตะวันออกเฉียงเหนือ,16.42887300,104.78903400,แหล่งท่องเที่ยวที่สำคัญของจังหวัด,เป็นภูเขาลูกใหญ่ มีที่ราบกว้างใหญ่อยู่หลังเขา สภาพป่าค่อนข้างสมบูรณ์ เป็นแหล่งกำเนิดต้นน้ำลำธาร มีน้ำซับหลายแห่ง มีน้ำตกที่สวยงาม เรียกว่า น้ำตกภูถ้ำพระ พื้นที่เป็นลานหินมีหน้าผายื่นออกมา ใต้หน้าผามีถ้ำประดิษฐานพระพุทธรูปโบราณ บริเวณหน้าผาแห่งนี้เป็นจุดชมทัศนียภาพชายแดนฝั่งไทย-ลาว
149,ถ้ำฝ่ามือแดง,4,ถ้ำ,นาสีนวน,เมืองมุกดาหาร,มุกดาหาร,ตะวันออกเฉียงเหนือ,16.465 ,104.77055600,"มีภาพเขียนสมัยก่อนประวัติศาสตร์อายุประมาณ 5,000 ปีและเป็นแหล่งธรรมชาติศึกษา",เป็นเพิงผาหินทราย หินด้านบนถล่มลงมา ทำให้กลายเป็นช่องทางเดินไหล่เขา เพิงผามีลักษณะยาวแต่แคบขนาดกว้าง 3 เมตร และยาวประมาณ 60 เมตร ลักษณะดินเป็นดินทราย พบภาพเขียนสีสมัยก่อนประวัติศาสตร์รูปฝ่ามือ ภาพคน ภาพสัตว์ ภาพอาวุธ ภาพสัญลักษณ์ และภาพอื่น ๆ ที่จำแนกรูปทรงไม่ได้
150,น้ำตกตาดโตน (มุกดาหาร),5,น้ำตก,โนนยาง,หนองสูง,มุกดาหาร,ตะวันออกเฉียงเหนือ,16.49432100,104.31293600,เป็นเอกลักษณ์ของท้องถิ่น,เป็นน้ำตกขนาดเล็ก 2 ชั้น สูงราว 7 เมตร กว้าง 30 เมตร มีแอ่งน้ำสำหรับเล่นน้ำ มีน้ำไหลตลอดทั้งปีมีแนวราบยาวสวยงาม
151,ภูสิงห์ (กาฬสินธุ์),3,ภูเขา,โนนบุรี,สหัสขันธ์,กาฬสินธุ์,ตะวันออกเฉียงเหนือ,16.71472200,103.51361100,เป็นสถานที่พักผ่อนหย่อนใจมองเห็นทิวทัศน์ในเขื่อนลำปาว,ภูสิงห์ อยู่บนเทือกเขาภูพาน เป็นภูเขาหินทรายที่เกิดจากการยกตัวของเปลือกโลก บนยอดเขา คือ พุทธสถานภูสิงห์เป็นที่ประดิษฐานพระพรหมภูมิปาโล ซึ่งเป็นพระพุทธรูปปางมารวิชัย มีพระวรกายสง่างาม ภูสิงห์ เป็นสถานพักผ่อนที่ร่มรื่น มองเห็นทิวทัศน์ทุ่งนาและน้ำในเขื่อนลำปาว
152,ภูปอ,3,ภูเขา,ภูปอ,เมืองกาฬสินธุ์,กาฬสินธุ์,ตะวันออกเฉียงเหนือ,16.62444400,103.62583300,เป็นที่ประดิษฐานพระพุทธรูปปางไสยาสน์ 2 องค์ ฝีมือช่างเผ่าลัวะ สมัยทวารวดี,เป็นภูเขาหินทรายตั้งอยู่ในเทือกเขาภูพาน เป็นแหล่งศิลปะถ้ำสมัยประวัติศาสตร์ มีภาพสลักรูปพระนอนบนแผ่นหินใต้เพิงผา ประชาชนในท้องถิ่นได้จัดงานสมโภชน์พระพุทธไสยาสน์ประมาณเดือนเมษายนของทุกปี
153,น้ำตกตาดทอง,5,น้ำตก,หนองผือ,เขาวง,กาฬสินธุ์,ตะวันออกเฉียงเหนือ,16.76061900,104.13257200,เป็นเอกลักษณ์ของท้องถิ่น,เป็นน้ำตกที่มีความสวยงามด้วยโขดหินสลับซับซ้อน ในฤดูฝนมีน้ำมาก จะเป็นช่วงที่สวยงามที่สุด บริเวณน้ำตกมีลักษณะเป็นรู (Pot Hole) เกิดจากการกระแทกของน้ำ บริเวณโดยรอบร่มครึ้มด้วยป่าไม้
154,ภูผาผึ้ง (สะพานหิน),3,ภูเขา,กุดหว้า,กุฉินารายณ์,กาฬสินธุ์,ตะวันออกเฉียงเหนือ,16.54527800,104.13 ,เป็นเอกลักษณ์ของท้องถิ่นและเป็นแหล่งศึกษาธรรมชาติ,เป็นลานหินกว้างบนยอดเขา มีรูปทรงที่แปลกตา ลาดไปสู่แอ่งน้ำเล็ก ๆ อยู่ในเขตป่าสงวนดงหมู และบนยอดเขาสามารถมองเห็นวิวป่าที่สมบูรณ์ มีเทศกาลของชาวภูไทในช่วงเดือนตุลาคมบนลานหิน
155,หนองบัว (มหาสารคาม),7,แหล่งน้ำ,โคกพระ,กันทรวิชัย,มหาสารคาม,ตะวันออกเฉียงเหนือ,16.31722200,103.29750000,เป็นอ่างเก็บน้ำเพื่อใช้ทำน้ำประปา เพื่อเพาะปลูก และเป็นที่จัดงานลอยกระทงทุกปี,"เป็นหนองน้ำธรรมชาติขนาดใหญ่ ใช้ประโยชน์เป็นอ่างเก็บน้ำมีความจุประมาณ 25,000 ลูกบาศก์เมตร เดิมมีบัวอยู่มาก มีศาลากันทรานุสรณ์ซึ่งเป็นสมบัติของชาวกันทรวิชัย และมีรูปปั้นกินรี เป็นสถานที่พักผ่อนหย่อนใจของประชาชน"
156,หินร่อง (มหาสารคาม),10,ธรณีสัณฐานและภูมิลักษณวรรณา,ดอนกลาง,โกสุมพิสัย,มหาสารคาม,ตะวันออกเฉียงเหนือ,16.20000000,102.90000000,เป็นลานบุญบ้องไฟขอฝนของชาวบ้านเป็นบางครั้งในฤดูแล้ง,เป็นลานหินกว้าง 20 เมตร ยาว 150 เมตร บนลานหินมีหลุมบ่อ (Pot Hole) ที่เกิดจากการถูกน้ำกัดเซาะจนเป็นร่องลึกหลายสิบหลุม บางหลุมมีน้ำขังอยู่ตลอดปี กลางลานหินมีพระพุทธรูปปางประทานพร สูงประมาณ 160 เซนติเมตร ใกล้ลานหินเป็นที่พักสงฆ์หินร่อง บริเวณโดยรอบเป็นป่าห่างไกลชุมชน
157,ผาน้ำย้อย,3,ภูเขา,ผาน้ำย้อย,หนองพอก,ร้อยเอ็ด,ตะวันออกเฉียงเหนือ,16.34666700,104.31694400,เป็นที่สรงน้ำพระในช่วงสงกรานต์และบนยอดเขาเขียวเหนือผาน้ำย้อยกำลังสร้างพระมหาเจดีย์ชัยบาดาล,เป็นภูเขาหินขนาดใหญ่ ที่มีลักษณะเป็นหน้าผา ซึ่งมีน้ำตกไหลและซึมตลอดปี อยู่บนภูเขาเขียว ซึ่งบนยอดภูเขียวสามารถมองเห็นทัศนียภาพอันสวยงาม เป็นศูนย์รวมจิตใจและพลังศรัทธาในพระพุทธศาสนาของชาวร้อยเอ็ด
158,บึงพลาญชัย,7,แหล่งน้ำ,ในเมือง,เมืองร้อยเอ็ด,ร้อยเอ็ด,ตะวันออกเฉียงเหนือ,16.27972200,104.55833300,แหล่งท่องเที่ยวที่สำคัญของและเป็นเอกลักษณ์ของจังหวัด,เป็นบึงที่มีเอกลักษณ์ของท้องถิ่น มีเกาะอยู่กลางบึง เป็นที่ประดิษฐานศาลเจ้าพ่อมเหศักดิ์ หลักเมือง และพระพุทธโคดมมงคลศาสดาศิริพัฒนา ปัจจุบันเป็นสวนสาธารณะประจำจังหวัด
159,ภูถ้ำพระ (ยโสธร),3,ภูเขา,กุดเชียงหมี,เลิงนกทา,ยโสธร,ตะวันออกเฉียงเหนือ,16.27891500,104.55786800,เป็นที่บำเพ็ญสมาธิของพระภิกษุ  สามเณร และแม่ชี,"เป็นชะง่อนหินที่เกิดจากการชะล้างพังทลายของดินหินด้านล่าง อันเนื่องมาจากน้ำและลม เกิดเป็นเพิงผาถ้ำ เรียกว่า ""ภูถ้ำพระ"" เนื่องจากมีพระพุทธรูปอยู่ในถ้ำเป็นจำนวนมากล้วนแต่เป็นพระพุทธรูปโบราณที่ศักดิ์สิทธิ์"
160,น้ำตกเหวสุวัต,5,น้ำตก,หมูสี,ปากช่อง,นครราชสีมา,ตะวันออกเฉียงเหนือ,14.43559000,101.41391600,เป็นน้ำตกที่มีชื่อเสียงมากในอุทยานแห่งชาติเขาใหญ่,เป็นน้ำตกที่มีชื่อเสียงมากในอุทยานแห่งชาติเขาใหญ่ น้ำตกมี 1 ชั้น ลักษณะเป็นสายน้ำตกลงมาจากหน้าผาสูงประมาณ 20 เมตร บริเวณด้านล่างของน้ำตกเป็นแอ่งน้ำและลำธาร เหมาะที่จะลงเล่นน้ำ บริเวณโดยรอบน้ำตกอุดมด้วยป่าไม้เเละพันธุ์พืช
161,น้ำตกหลังเหว,5,น้ำตก,ปากช่อง,ปากช่อง,นครราชสีมา,ตะวันออกเฉียงเหนือ,14.73333300,101.37861100,เป็นเอกลักษณ์ของท้องถิ่น,เป็นน้ำตกขนาดเล็กชั้นเดียว มีน้ำผุดจากใต้ดินแล้วไหลลงจากผาสูงประมาณ 80 เมตร ตามรอยแตกของเปลือกโลกในเขตป่าดิบชื้นดงพญาเย็น อยู่บริเวณภายในวัดธารน้ำตกหลังเหว ในฤดูฝนจะมีน้ำมากและเป็นสีแดง ในหน้าเเล้งจะมีน้ำน้อย
162,บึงกระโทก,7,แหล่งน้ำ,กระโทก,โชคชัย,นครราชสีมา,ตะวันออกเฉียงเหนือ,14.73083300,102.16750000,"เป็นเอกลักษณ์ของท้องถิ่นมีชื่อเป็นทางการว่า ""บึงโชคชัย""",เป็นบึงน้ำธรรมชาติ เป็นสัญลักษณ์ของท้องถิ่นในอำเภอโชคชัย เป็นสถานที่พักผ่อนหย่อนใจของประชาชน และเป็นสถานที่จัดงานบุญประเพณีท้องถิ่น ได้แก่ งานลอยกระทง และงานออกพรรษา
163,ถ้ำวัวแดง (นครราชสีมา),4,ถ้ำ,เฉลียง,ครบุรี,นครราชสีมา,ตะวันออกเฉียงเหนือ,14.49138900,102.27694400,เป็นสถานที่ปฏิบัติธรรมของพระสงฆ์และชาวบ้านเชื่อว่าเป็นสถานที่ศักดิ์สิทธิ์มีหลวงปู่โลกอุดรคุ้มครองอยู่,มีลักษณะเป็นชะง่อนหินเกิดจากการเปลี่ยนรูปของหินทรายเป็นเพิงผา ลักษณะคล้ายถ้ำ ภายในถ้ำมีรูปสลักหินผนังถ้ำเป็นรูปเทวดานั่งบนหลังวัวแดง ชาวบ้านเชื่อว่าเป็นสถานที่ศักดิ์สิทธิ์ มีหลวงปู่โลกอุดรคุ้มครองถ้ำนี้อยู่
164,ภูกระโดง,3,ภูเขา,เสม็ด,เมืองบุรีรัมย์,บุรีรัมย์,ตะวันออกเฉียงเหนือ,14.93902900,103.09394500,เป็นที่ประดิษฐานพระพุทธรูปคู่บ้านคู่เมืองบุรีรัมย์และเป็นแหล่งศึกษาธรรมชาติ,เป็นภูเขาไฟเก่าแก่ที่มองเห็นลักษณะปากปล่องได้ชัดเจน มีสระน้ำมณีวรรณอยู่ทางขวามือก่อนถึงยอดเขา สระน้ำนี้เชื่อว่าเดิมเป็นปากปล่องภูเขาไฟ บนยอดเขาเป็นลานกว้าง มีพันธุ์ไม้พื้นเมืองหลายชนิด
165,ภูพนมรุ้ง,3,ภูเขา,ตาเป๊ก,เฉลิมพระเกียรติ,บุรีรัมย์,ตะวันออกเฉียงเหนือ,14.53166700,102.94250000,เป็นที่ตั้งของปราสาทพนมรุ้งซึ่งเป็นสถานที่ท่องเที่ยวสำคัญของประเทศ,เป็นภูเขาไฟเก่าที่ดับสนิทแล้ว เป็นส่วนหนึ่งของทิวเขาพนมดงรัก มีขนาดใหญ่ อุดมสมบูรณ์ด้วยทรัพยากรป่าไม้ และสัตว์ป่า เป็นที่ตั้งของปราสาทพนมรุ้ง บนยอดเขาซึ่งเป็นโบราณสถานในศิลปเขมรที่มีความงดงาม และเป็นสถานที่ท่องเที่ยวที่มีความสำคัญมากที่สุดแห่งหนึ่งในประเทศไทย
166,ภูพระอังคาร,3,ภูเขา,เจริญสุข,เฉลิมพระเกียรติ,บุรีรัมย์,ตะวันออกเฉียงเหนือ,14.53419600,102.83475800,เป็นสถานที่สำคัญทางพระพุทธศาสนาของจังหวัด,เป็นภูเขาขนาดเล็ก ตั้งโดดเด่นบริเวณทุ่งนา มีรูปร่างกลมรี วางตัวในแนวเหนือ-ใต้ เป็นภูเขาไฟเก่าดับสนิทแล้วในเทือกเขาพนมดงรัก บนยอดเขาภูพระอังคาร เป็นที่ตั้งของวัดเขาพระอังคาร เป็นวัดที่สวยงามสร้างเลียนแบบสถาปัตยกรรมสมัยต่าง ๆ หลายรูปแบบ
167,ผามออีแดง,3,ภูเขา,เสาธงชัย,กันทรลักษ์,ศรีสะเกษ,ตะวันออกเฉียงเหนือ,14.40381400,104.68776100,เป็นจุดชมทัศนียภาพทิวเขาพนมดงรัก,เป็นลาดหินกว้าง เป็นจุดชมทัศนียภาพทิวเขาพนมดงรัก มองเห็นแผ่นดินประเทศกัมพูชาที่อยู่ต่ำลงไปอย่างเป็นมุมกว้าง และสามารถมองเห็นปราสาทเขาพระวิหารที่ห่างออกไป 1 กิโลเมตร ซึ่งเป็นเอกลักษณ์หรือสัญลักษณ์ของท้องถิ่น
168,น้ำตกสำโรงเกียรติ (น้ำตกปีศาจ),5,น้ำตก,บักคอง,ขุนหาญ,ศรีสะเกษ,ตะวันออกเฉียงเหนือ,14.50916700,104.48638900,แหล่งท่องเที่ยวที่สำคัญของจังหวัด,เกิดจากต้นน้ำซึ่งอยู่ห่างจากน้ำตกประมาณ 3 กิโลเมตร เหนือน้ำตกเป็นธารน้ำไหลไปตามลานหิน ในฤดูฝนน้ำไหลตกลงพื้นเสียงดังสนั่นก้องไปทั่วทั้งป่า น้ำตกแห่งนี้เป็นที่ตั้งหน่วยปฏิบัติการทหารพราน ซึ่งยังปรากฎร่องรอยหลุมบังเกอร์ให้เห็นทั้งบริเวณ
169,น้ำตกห้วยจันทร์,5,น้ำตก,ห้วยจันทร์,ขุนหาญ,ศรีสะเกษ,ตะวันออกเฉียงเหนือ,14.52888900,104.35944400,เป็นเอกลักษณ์ของท้องถิ่นทัศนียภาพสวยงามและเกี่ยวข้องกับประวัติศาสตร์,เป็นน้ำตกขนาดกลางที่สวยงาม มีลักษณะเป็นลำธารสายกว้างไหลลดหลั่นมาตามชั้นหิน มี 3 ชั้น มีต้นกำเนิดจากเทือกเขาบรรทัด บริเวณเขาเสลา (ภูเสลา) แล้วไหลลงสู่แม่น้ำมูลที่อำเภอเมือง จังหวัดศรีสะเกษ มีน้ำตลอดปี สามารถลงเล่นน้ำได้บริเวณน้ำตกร่มรื่น รายล้อมด้วยพันธุ์ไม้ป่า เป็นแหล่งพักผ่อนหย่อนใจของประชาชน
170,หนองไพรบึง,7,แหล่งน้ำ,ไพรบึง,ไพรบึง,ศรีสะเกษ,ตะวันออกเฉียงเหนือ,14.76194400,104.36333300,"เป็นแหล่งน้ำความจุ 300,000 ลูกบาศก์เมตร สำหรับราษฏร 400 ครอบครัว พื้นที่เกษตรกรรม 1,000 ไร่","เป็นบึงธรรมชาติลึกประมาณ 3 เมตร ได้รับการพัฒนาเป็นแหล่งน้ำความจุประมาณ 300,000 ลูกบาศก์เมตร โดยกองอำนวยการกลางรักษาความปลอดภัยแห่งชาติ (กรป.กลาง) เมื่อประมาณ พ.ศ. 2524 สำหรับราษฎรประมาณ 400 ครัวเรือน และพื้นที่เกษตรประมาณ 1,000 ไร่"
171,แก่งสะพือ,2,แก่ง,พิบูลมังสาหาร,พิบูลมังสาหาร,อุบลราชธานี,ตะวันออกเฉียงเหนือ,15.24578600,105.24382600,แหล่งท่องเที่ยวที่สำคัญของจังหวัด,เป็นแหล่งท่องเที่ยวทางธรรมชาติที่เป็นเอกลักษณ์ของอำเภอพิบูลมังสาหาร เป็นแก่งขนาดใหญ่สวยงามกลางลำน้ำมูล  เป็นแก่งหินที่มีหินน้อยใหญ่สลับซ้อนกันเหมือนงูใหญ่ในลำน้ำมูล เมื่อกระแสน้ำไหลผ่านกระทบหินแล้วเกิดเป็นฟองสีขาวมีเสียงดังตลอดเวลา ในฤดูแล้งจะเห็นเป็นชั้นของแก่งคล้ายน้ำตก ส่วนฤดูฝนน้ำหลากทำให้ไม่สามารถมองเห็นแก่งได้
172,แก่งตะนะ,2,แก่ง,คำเขื่อนแก้ว และ โขงเจียม,สิรินธร และ โขงเจียม,อุบลราชธานี,ตะวันออกเฉียงเหนือ,15.30083300,105.474444 ,แหล่งท่องเที่ยวที่สำคัญของจังหวัด,เป็นแก่งกลางลำน้ำมูลที่ใหญ่ที่สุด เป็นโขดหินทรายขนาดมหึมา ลักษณะเป็นเกาะหินกลางลำน้ำมูล อยู่ด้านล่างดอนตะนะ กระแสน้ำเชี่ยวกราก เสียงกระแสน้ำไหลดังก้องทั่วผืนป่า สังเกตเกาะกลางแก่งจะเห็นแท่งปูนสี่เหลี่ยมสร้างขึ้นในสมัยฝรั่งเศสล่าอาณานิคม เพื่อเป็นเครื่องหมายชี้ร่องน้ำในการเดินเรือ
173,ผาแต้ม,10,ธรณีสัณฐานและภูมิลักษณวรรณา,ห้วยไผ่,โขงเจียม,อุบลราชธานี,ตะวันออกเฉียงเหนือ,15.39925500,105.511819 ,เป็นอุทยานแห่งชาติแห่งแรกในประเทศไทยและมีภาพเขียนสีที่โบราณที่สุดในประเทศไทย,เป็นหน้าผาสูงที่สวยงามตามธรรมชาติ ในบริเวณที่เป็นหน้าผา จะปรากฏภาพเขียนสีโบราณโดยฝีมือมนุษย์ยุคก่อนประวัติศาสตร์เรียงรายตามความยาวของหน้าผา มีไม่ต่ำกว่า 300 ภาพ ซึ่งเป็นจำนวนภาพเขียนสีโบราณที่มากที่สุดเท่าที่เคยค้นพบในประเทศไทยและในต่างประเทศ
174,เสาเฉลียง,10,ธรณีสัณฐานและภูมิลักษณวรรณา,ห้วยไผ่,โขงเจียม,อุบลราชธานี,ตะวันออกเฉียงเหนือ,15.40446500,105.50222900,เป็นหลักฐานทางธรณีวิทยาว่าบริเวณนี้เคยเป็นทะเลมาก่อน,เป็นแท่งหินทรายขนาดใหญ่ที่มีหินแผ่นเทินทับอยู่บนแท่งหินนั้น เป็นลักษณะที่เกิดขึ้นตามธรรมชาติ สืบเนื่องมาจากกระบวนการกัดเซาะและกัดกร่อนด้วยอิทธิพลของน้ำและลม ซึ่งหินดังกล่าวจะปรากฏเห็นซากเปลือกหอย กรวด ทราย อยู่ในแผ่นดินขนาดใหญ่ นักธรณีวิทยาสันนิษฐานว่าบริเวณนี้เคยเป็นทะเลมาก่อน แล้วมีการกัดกร่อนจนกลายเป็นเช่นที่เห็นในปัจจุบัน
175,หนองสามขา (อำนาจเจริญ),7,แหล่งน้ำ,รัตนวารี,หัวสะพาน,อำนาจเจริญ,ตะวันออกเฉียงเหนือ,15.69432700,104.484727 ,เป็นแหล่งน้ำดิบเพื่อการประปาและจับสัตว์น้ำของชาวบ้าน,เป็นหนองน้ำธรรมชาติขนาดใหญ่ที่เต็มไปด้วยดอกบัวอันสวยงาม ซึ่งไหลมาจากห้วยสามขา มีพื้นที่ประมาณ 300 - 400 ไร่ ตั้งอยู่บนถนนสายหลักเป็นสถานที่อนุรักษ์นกน้ำนานาชาติ และยังเป็นที่นิยมของนักตกปลา
176,ถ้ำเขาเกรียบ,4,ถ้ำ,บ้านควน,หลังสวน,ชุมพร,ใต้,9.81767000,99.03797600,ทัศนียภาพสวยงามเป็นแหล่งท่องเที่ยวที่สำคัญและเป็นสถานที่ศักดิ์สิทธิ์,เป็นถ้ำหินปูนที่เกิดจากโครงสร้างธรรมชาติที่ดี หายากและสวยงามและเป็นสถานที่ศักดิ์สิทธิ์หรือที่เคารพบูชา ภายในเป็นโพรงถ้ำขนาดใหญ่เต็มไปด้วยหินงอกหินย้อย เพดานบางส่วนเป็นช่องแสงสามารถลอดเข้ามาได้จำนวน 2 ช่อง เมื่อกระทบกับหินก็จะเกิดความแวววาวสวยงาม
177,น้ำตกกะเปาะ,5,น้ำตก,หงษ์เจริญ,ท่าแซะ,ชุมพร,ใต้, 10.743242 ,99.212622 ,เป็นน้ำตกที่เกิดจากโครงสร้างทางธรรมชาติที่หายาก และทัศนียภาพสวยงาม เป็นแหล่งท่องเที่ยวที่สำคัญ,เป็นน้ำตกที่มีขนาดเล็กอยู่ในเป็นวนอุทยานน้ำตกกะเปาะ เกิดจากป่าต้นน้ำอันอุดมสมบูรณ์ มีน้ำไหลตลอดทั้งปี น้ำตกมีลักษณะคล้ายฝายรูปโค้ง กว้างประมาณ 20 เมตร สูงประมาณ 2 เมตร เป็นลำคลองทอดยาว และมีน้ำตก และแก่งเล็ก ๆ ระหว่างลำคลอง มีทัศนียภาที่สวยงามและยังคงมีทรัพยากรธรรมชาติที่สมบูรณ์
178,น้ำตกทับช้าง (ทุ่งตะโก),5,น้ำตก,ตะโก,ทุ่งตะโก,ชุมพร,ใต้,10.03962000,98.96634200,ทัศนียภาพสวยงามเป็นแหล่งท่องเที่ยวที่สำคัญและเป็นจุดเริ่มของการประกาศอุทยานแห่งชาติน้ำตกคลองเพรา,เป็นน้ำตกที่มีโครงสร้างธรรมชาติที่ดี หายากและสวยงาม เป็นน้ำตกขนาดใหญ่กลางป่า มีต้นกำเนิดจากเขาตังอา คลองโชน ไหลผ่านสวนกาแฟ และป่าดงดิบ มีทั้งหมด 5 ชั้น ชั้นที่ 3 เป็นชั้นที่น้ำโจนสูงสุดถึง 16 เมตร ทำให้เกิดเป็นน้ำตกที่สวยงาม ยามบ่ายจะเห็นละอองน้ำจากน้ำตก และเกิดรุ้งกินน้ำ
179,หาดอรุโณทัย,8,ชายหาด,ปากตะโก,ทุ่งตะโก,ชุมพร,ใต้,10.09583300,99.148889 ,ทัศนียภาพสวยงามเป็นแหล่งท่องเที่ยวที่สำคัญของจังหวัด,เป็นชายหาดที่มีโครงสร้างทางธรรมชาติที่ดี หายากและสวยงาม เป็นหาดที่มีความยาวตามชายฝั่ง พื้นทรายนุ่มละเอียด มีต้นไม้ให้ความร่มรื่นแก่นักท่องเที่ยว และมีปลาโลมาเข้ามาในบริเวณหาดแต่ไม่บ่อยมากนัก นับว่าเป็นแหล่งท่องเที่ยวที่สำคัญแห่งหนึ่งของจังหวัดชุมพร
180,หาดทรายรี,8,ชายหาด,หาดทรายรี,เมืองชุมพร,ชุมพร,ใต้,10.39444400,99.28055600,ทัศนียภาพสวยงามควรค่าแก่การอนุรักษ์ไว้รวมทั้งมีความสำคัญทางประวัติศาสตร์,เป็นชายหาดที่มีโครงสร้างทางธรรมชาติที่ดี หายาก และมีทัศนียภาพที่สวยงาม มีทรายสีขาวละเอียดและน้ำทะเลใส เป็นที่ตั้งของอนุสรณ์สถานพลเอกสมเด็จกรมหลวงชุมพรเขตอุดมศักดิ์ บิดาเเห่งกองทัพเรือ เป็นแหล่งท่องเที่ยวที่สำคัญของจังหวัดชุมพร
181,ทะเลใน (หมู่เกาะอ่างทอง),10,ธรณีสัณฐานและภูมิลักษณวรรณา,อ่างทอง,เกาะสมุย,สุราษฎร์ธานี,ใต้,9.65555600,99.66583300,ทัศนียภาพสวยงามเป็นแหล่งท่องเที่ยวที่สำคัญ,ทะเลใน เป็นปรากฎการณ์ทางธรณีวิทยา เกิดจากแอ่งหินปูนที่ยุบตัวเป็นทะเลสาบขนาดใหญ่ มีรูปเป็นวงรีอยู่กลางเกาะแม่เกาะ หนึ่งใน 42 เกาะของหมู่เกาะอ่างทอง บริเวณรอบ ๆ ทะเลใน เป็นแหล่งกล้วยไม้หายาก (รองเท้านารี ช่องอ่างทอง)
182,น้ำตกเขาแพง,5,น้ำตก,เกาะพะงัน,เกาะพะงัน,สุราษฎร์ธานี,ใต้,9.73527800,100.01410800,ทัศนียภาพสวยงามเป็นแหล่งท่องเที่ยวที่สำคัญ,เป็นน้ำตกที่เกิดจากโครงสร้างทางธรรมชาติที่มีความสวยงามและหายาก เป็นน้ำตกที่อยู่ในเขตประกาศของอุทยานแห่งชาติธารเสด็จ น้ำตกมีน้ำเกือบตลอดปี แต่ปัจจุบันน้ำน้อยลง แต่ในฤดูฝนจะมีน้ำไหลลงมาจากหน้าผา สวยงามมาก
183,น้ำตกหินลาด (สุราษฎร์ธานี),5,น้ำตก,อ่างทอง,เกาะสมุย,สุราษฎร์ธานี,ใต้,9.52111100,99.96666700,เป็นน้ำตกที่เกิดจากภูเขาหินแกรนิตทัศนียภาพสวยงามเป็นแหล่งท่องเที่ยวที่สำคัญ,เป็นน้ำตกที่เกิดจากภูเขาหินแกรนิตมีโครงสร้างทางธรรมชาติที่ดี หายาก และสวยงาม เป็นน้ำตกที่เกิดจากป่าดิบชื้น สายน้ำไหลจากเขาผ่านโขดหินน้อยใหญ่ในลำธารลดหลั่นกันลงมา บางช่วงผ่านที่ลาดชันมากเกิดเป็นแอ่งน้ำที่สามารถเล่นได้
184,น้ำตกหน้าเมือง,5,น้ำตก,หน้าเมือง,เกาะสมุย,สุราษฎร์ธานี,ใต้,9.46636400,99.98396100,ทัศนียภาพสวยงามเป็นแหล่งท่องเที่ยวที่สำคัญ,เป็นน้ำตกที่มีชื่อเสียงแห่งหนึ่งบนเกาะสมุย เป็นน้ำตกที่มีความสวยงาม มีโครงสร้างทางธรรมชาติที่ดี น้ำตกจากหน้าผาสูงชัน ในฤดูฝนกระแสน้ำที่ไหลลงมาจากหน้าผาจะมีความสวยงามมาก เมื่อครั้งอดีต ในหลวงรัชกาลที่ 5 รัชกาลที่ 7 และรัชกาลที่ 9 ทรงเคยเสด็จประพาสที่น้ำตกหน้าเมืองแห่งนี้
185,หาดเฉวง,8,ชายหาด,บ่อผุด,เกาะสมุย,สุราษฎร์ธานี,ใต้,9.53305600,100.06916700,ทัศนียภาพสวยงามเป็นแหล่งท่องเที่ยวที่สำคัญ,เป็นชายหาดที่เกิดจากโครงสร้างทางธรรมชาติที่หายากและสวยงาม เป็นหาดที่กว้างมีขนาดยาว ชายหาดสีขาว ทรายละเอียด เเละเป็นชายหาดที่ขึ้นชื่อแห่งหนึ่งของเกาะสมุย นักท่องเที่ยวนิยมมาดำน้ำและพักผ่อนในช่วงคลื่นลมสงบ
186,หาดละไม,8,ชายหาด,มะเร็ต,เกาะสมุย,สุราษฎร์ธานี,ใต้,9.46194400,100.04444400,ทัศนียภาพสวยงามเป็นแหล่งท่องเที่ยวที่สำคัญเป็นหาดทรายขาวละเอียด,เป็นชายหาดที่มีโครงสร้างทางธรรมชาติที่ดี มีทัศนียภาพสวยงาม และหายาก เป็นแหล่งท่องเที่ยวที่มีชื่อเสียง นักท่องเที่ยวทั้งชาวไทยและชาวต่างชาตินิยมมานั่งชมธรรมชาติ และอาบแดด ชายหาดเป็นทรายละเอียด สีขาว มีทิวทัศน์ที่สวยงาม เหมาะเเก่การมาพักผ่อนและดำน้ำ
187,หินตาหินยาย,10,ธรณีสัณฐานและภูมิลักษณวรรณา,มะเร็ต,เกาะสมุย,สุราษฎร์ธานี,ใต้,9.45235000,100.03935000,ทัศนียภาพสวยงามเป็นแหล่งท่องเที่ยวที่สำคัญและเป็นเอกลักษณ์ของท้องถิ่น,มีลักษณะเป็นโครงสร้างทางธรรมชาติที่ดี หายาก เเละเป็นเอกลักษณ์ของท้องถิ่น ด้วยลักษณะพิเศษทางธรณี ทำให้เกิดเป็นหินที่มีรูปร่างลักษณะผิดแปลกไปจากธรรมดา รูปร่างคล้ายอวัยวะเพศชาย และอวัยวะเพศหญิง ตั้งอยู่ริมหาด เป็นที่น่าสนใจของนักท่องเที่ยว
188,น้ำตกพรหมโลก,5,น้ำตก,บ้านเกาะ,พรหมคีรี,นครศรีธรรมราช,ใต้,8.52731900,99.78336500,ทัศนียภาพสวยงามเป็นแหล่งท่องเที่ยวที่สำคัญ,เป็นน้ำตกขนาดใหญ่ที่เกิดจากเขาหลวง มีชั้นน้ำตกประมาณ 50 ชั้น เปิดบริการให้เข้าชมได้เพียง 4 ชั้น น้ำตกที่ไหลจากหน้าผาหินกว้าง สายน้ำไหลผ่านแผ่นหินลงสู่แอ่งน้ำด้านล่าง สวยงามมาก น้ำตกแห่งนี้อยู่ไม่ไกลจากตัวเมืองนัก จึงเป็นที่นิยมของนักท่องเที่ยว
189,น้ำตกโยง,5,น้ำตก,ถ้ำใหญ่,ทุ่งสง,นครศรีธรรมราช,ใต้,8.17311700,99.74451300,ทัศนียภาพสวยงามเป็นแหล่งท่องเที่ยวที่สำคัญ,น้ำตกที่มีความสวยงามมาก มีน้ำไหลตลอดทั้งปี เป็นน้ำตกที่มีหน้าผาสูงชันมีน้ำไหลลงมาเหมือนเกลียวเชือก ทำให้เกิดแอ่งน้ำขนาดใหญ่กว้างประมาณ 30 เมตร ลึกประมาณ 10 เมตร เมื่อยามลมพัดจะทำให้ละอองน้ำไปไกลนับ 10 เมตร มีชั้นน้ำตก 7 ชั้น แต่ละชั้นมีความสวยงามและร่มรื่นด้วยพรรณไม้มากมายของป่าดิบชื้นผสมป่าดิบเขา นอกจากนี้ ยังมีปลาอาศัยอยู่หลายชนิด โดยเฉพาะปลาแงะมีจำนวนมาก
190,หาดสิชล,8,ชายหาด,สิชล,สิชล,นครศรีธรรมราช,ใต้,9.00888900,99.921667 ,ทัศนียภาพสวยงามเป็นแหล่งท่องเที่ยวที่สำคัญ,"เป็นชายหาดที่มีโครงสร้างทางธรรมชาติที่ดี หายาก และสวยงาม เป็นหาดโค้งระหว่างปากน้ำสิชลและเขาคอกวาง หาดทรายละเอียด น้ำใส มีหินสวยงาม เมื่อน้ำลง ชายหาดจะกว้างประมาณ 15 - 20 เมตร จะเห็นโขดหินทรายและโขดหินกรวดบนหินใหญ่น้อยมากมาย บริเวณชายหาดเป็นแนวหินไปจนจดหาดทรายโค้ง เป็นบริเวณที่เล่นน้ำได้ ชาวท้องถิ่นเรียกกันว่า ""หัวหินสิชล"" เป็นแหล่งท่องเที่ยวที่มีชื่อเสียงมานานของอำเภอสิชล"
191,หาดขนอม,8,ชายหาด,ขนอม,ขนอม,นครศรีธรรมราช,ใต้,9.10916700,99.90166700,ทัศนียภาพสวยงามเป็นแหล่งท่องเที่ยวที่สำคัญ,เป็นชายหาดที่เกิดจากโครงสร้างทางธรรมชาติที่หายาก เป็นหาดทรายชายทะเลที่สวยงาม ทรายขาวสะอาด ละเอียด ชายหาดยาวติดต่อกันเกือบเป็นเส้นตรงยาวหลายกิโลเมตร และมีหาดต่อเนื่องกัน เช่น หาดเปร็ต หาดในเพลา หาดปากน้ำ ซึ่งรวมกันเรียกว่า หาดหน้าด่าน
192,เขาอกทะลุ,3,ภูเขา,คูหาสวรรค์,เมืองพัทลุง,พัทลุง,ใต้,7.62450800,100.09121100,ทัศนียภาพสวยงามเป็นแหล่งท่องเที่ยวที่สำคัญและเป็นเอกลักษณ์ของท้องถิ่น,เป็นลักษณะภูเขาที่มีโครงสร้างทางธรรมชาติที่สวยงามและหายาก และเป็นสัญลักษณ์ของเมืองพัทลุง อยู่กลางเมืองพัทลุง เกิดจากเขาหินปูนซึ่งถูกรบกวนจากธรรมชาติ ทำให้เกิดเป็นโพรง มีช่องกว้างประมาณ 10 เมตร ตรงบริเวณยอดเขาทะลุไปด้านหนึ่ง มองเห็นชั้นหินเป็นรูปโค้งได้ชัดเจน
193,น้ำตกบ้านโตน (น้ำตกโตนแพรทอง),5,น้ำตก,ลำสินธ์ และ กงหรา,ศรีนครินทร์ และ กงหรา,พัทลุง,ใต้,7.48657700,99.89522600,ทัศนียภาพสวยงามเป็นแหล่งท่องเที่ยวที่สำคัญ,เป็นน้ำตกที่เกิดจากโครงสร้างทางธรรมชาติที่ดี หายากและมีทัศนียภาพที่สวยงาม เป็นน้ำตกขนาดกลาง เกิดจากป่าดงดิบอุดมสมบูรณ์ มีลักษณะเป็นสายน้ำไหลลดหลั่นผ่านโขดหินสวยงาม และมีฝนตกตลอดทั้งปี
194,น้ำตกหม่อมจุ้ย,5,น้ำตก,ตะโหมด,ตะโหมด,พัทลุง,ใต้,7.25194400,100.03527800,ทัศนียภาพสวยงามเป็นแหล่งท่องเที่ยวที่สำคัญ,เป็นน้ำตกที่เกิดจากโครงสร้างทางธรรมชาติที่ดี หายาก และมีทัศนียภาพที่สวยงาม เป็นน้ำตกขนาดปานกลาง อยู่ในเขตรักษาพันธุ์สัตว์ป่าเขาบรรทัด น้ำตกไหลผ่านโขดหินลงมาเป็นชั้น ๆ มีน้ำตกตลอดทั้งปี สูง 7 ชั้น บริเวณโดยรอบเป็นต้นไม้ใหญ่ อุดมสมบูรณ์ มีทางเดินศึกษาธรรมชาติ
195,ทะเลน้อย,7,แหล่งน้ำ,พนางตุง,ควนขนุน,พัทลุง,ใต้,7.77734100,100.12327600,เป็นหนองน้ำขนาดใหญ่ที่เชื่อมกับทะเลมีทัศนียภาพสวยงามเป็นแหล่งท่องเที่ยวที่สำคัญ,เป็นหนองน้ำขนาดใหญ่ที่เชื่อมกับทะเลใหญ่ ทะเลน้อยได้รับการประกาศเป็นเขตห้ามล่าสัตว์ป่าทะเลน้อย ซึ่งนับเป็นเขตห้ามล่าสัตว์ป่าแห่งแรกของประเทศไทย ทะเลน้อยเป็นพื้นที่ที่มีความหลากหลายทางชีวภาพมาก ทั้งระบบนิเวศ สัตว์ป่า สัตว์น้ำ พรรณพืช โดยเฉพาะนกที่มีอยู่เป็นจำนวนมาก
196,เกาะหนู-เกาะแมว,1,เกาะ,บ่อยาง,เมืองสงขลา,สงขลา,ใต้,7.23611100,100.59638900,ทัศนียภาพสวยงามเป็นแหล่งท่องเที่ยวที่สำคัญ,เป็นเกาะที่เกิดจากโครงสร้างทางธรรมชาติที่หายากและสวยงาม เป็นเกาะขนาดเล็กที่อยู่ใกล้ชายฝั่ง สามารถมองเห็นได้จากหาดสมิหลา หาดเก้าเส้ง เป็นเเหล่งท่องเที่ยวที่มีชื่อเสียงแห่งหนึ่งของจังหวัด
197,เขาตังกวน-เขาน้อย,3,ภูเขา,บ่อยาง,เมืองสงขลา,สงขลา,ใต้,7.21078300,100.589311 ,เป็นสถานที่มีความสำคัญทางประวัติศาตร์,เป็นภูเขาที่เกิดจากโครงสร้างทางธรรมชาติ เป็นเนินเขาเตี้ย ๆ ที่ตั้งอยู่ระหว่างเมืองและชายหาด บนยอดเขาตังกวนเป็นที่ประดิษฐานพระเจดีย์หลวง ซึ่งเป็นเจดีย์พระธาตุคู่เมืองสงขลา ส่วนบนยอดเขาน้อยมีพระอนุสาวรีย์พลเอกสมเด็จพระบรมวงศ์เธอกรมหลวงลพบุรีราเมศวร์ ซึ่งเป็นที่เคารพบูชาของประชาชนในพื้นที่รวมทั้งผู้มาเยือน นอกจากนี้ยังมีจุดชมวิวที่สามารถมองเห็นทัศนียภาพของเมืองสงขลาอย่างสวยงาม
198,น้ำตกโตนงาช้าง,5,น้ำตก,ทุ่งตำเสา,หาดใหญ่,สงขลา,ใต้,6.94662400,100.23193300,ทัศนียภาพสวยงามเป็นแหล่งท่องเที่ยวที่สำคัญ,เป็นน้ำตกที่เกิดจากเทือกเขาบรรทัด มีความสูงมาก มีป่าสมบูรณ์ เป็นน้ำตกขนาดใหญ่ที่สวยงาม มีทั้งหมด 7 ชั้น แต่ละชั้นมีชื่อต่างกันไป ชั้นที่สวยที่สุดคือชั้น 3 ซึ่งมีชื่อว่าโตนงาช้างเหมือนชื่อน้ำตก สูงประมาณ 150 เมตร แยกเป็นสองแพร่ง สีขาวคล้ายงาช้าง บริเวณต้นน้ำตกเป็นป่าดิบชื้น อุดมสมบุรณ์ ยังไม่ถูกทำลาย ทำให้มีน้ำตกตลอดทั้งปี
199,น้ำตกบริพัตร,5,น้ำตก,เขาพระ,รัตภูมิ,สงขลา,ใต้,6.99451500,100.149534 ,ทัศนียภาพสวยงามเป็นแหล่งท่องเที่ยวที่สำคัญ,เป็นน้ำตกที่เกิดจากเทือกเขาบรรทัดที่สูงและมีป่าสมบูรณ์ หายากและสวยงาม มีทั้งหมด 7 ชั้น จุดเด่นของน้ำตกเเห่งนี้ คือ สามารถมองเห็นทรายสีขาวบริสุทธิ์อยู่ใต้พื้นน้ำ และบริเวณชั้นที่ 5 มีธารน้ำตกที่ไหลลงมาจากช่องโขดหินเมื่อโดนแสงแดดและลมพัดกระเซ็นเห็นละอองน้ำอย่างสวยงาม
200,ทะเลสาบสงขลา,7,แหล่งน้ำ,ควนขนุน,เมืองสงขลา,สงขลา,ใต้,7.17272000,100.53222700,เป็นทะเลสาบขนาดใหญ่ทัศนียภาพสวยงาม เป็นแหล่งท่องเที่ยวที่สำคัญของจังหวัด,เป็นทะเลสาบที่เกิดจากโครงสร้างทางธรรมชาติที่มีหนึ่งเดียว หายากและสวยงาม เป็นทะเลสาบน้ำเค็มขนาดใหญ่ เกิดขึ้นระหว่างแผ่นดินใหญ่แนวสันทราย น้ำเชื่อมต่อกับทะเลหลวง มีความยาวจากปากแม่น้ำไปทางทิศเหนือประมาณ 80 กิโลเมตร น้ำในทะเลสาบจะมีความเค็ม ขึ้นอยู่กับการขึ้นลงของน้ำทะเล
201,อุทยานนกน้ำคูขุด,7,แหล่งน้ำ,คูขุด,สทิงพระ,สงขลา,ใต้,7.40611100,100.38666700,เป็นที่อยู่อาศัยของนกน้ำจำนวนมาก,เป็นหนองน้ำที่เกิดจากโครงสร้างทางธรรมชาติ ที่หายากและสวยงาม เป็นที่อยู่อาศัยของนกน้ำจำนวนมาก อุทยานนกน้ำคูขุดนี้เป็นส่วนหนึ่งของทะเลสาบสงขลา ซึ่งมีอาหารอุดมสมบูรณ์
202,หาดปากบางสะกอม,8,ชายหาด,สะกอม,เทพา,สงขลา,ใต้,6.95901000,100.84205100,ทัศนียภาพสวยงามเป็นแหล่งท่องเที่ยวที่สำคัญ,เป็นชายหาดที่เกิดจากมีโครงการสร้างทางธรรมชาติที่ดี หายากและสวยงาม มีต้นสนขึ้นตลอดแนวชายหาด มีชุมชนและเป็นแหล่งท่องเที่ยวของท้องถิ่นเหมาะแก่การพักผ่อน
203,หาดสมิหลา,8,ชายหาด,บ่อยาง,เมืองสงขลา,สงขลา,ใต้,7.21444400,100.59527800,ทัศนียภาพสวยงามเป็นแหล่งท่องเที่ยวที่สำคัญของจังหวัด,"เป็นชายหาดที่มีโครงสร้างทางธรมมชาติที่ดี สวยงาม มีโขดหินขนาดย่อมยื่นลงทะเล หาดทรายขาวละเอียดมาก ที่เรียกว่า ""หาดทรายแก้ว"" มีป่าสนร่มรื่น จากหาดสมิหลา สามารถมองเห็นทิวทัศน์อันงดงามของเกาะหนูเกาะแมว บริเวณหาดมีรูปปั้น นางเงือกทอง โดยรอบบริเวณได้จัดสวนหย่อมไว้ ดูร่มรื่น หาดสมิหลาเป็นชายหาดที่มีบรรยากาศสงบ เหมาะสำหรับมาพักผ่อนชมวิว"
204,หาดเก้าเส้ง,8,ชายหาด,บ่อยาง,เมืองสงขลา,สงขลา,ใต้,7.18083300,100.62333300,ทัศนียภาพสวยงามเป็นแหล่งท่องเที่ยวที่สำคัญ,เป็นชายหาดที่ยาวมาจากหาดสมิหลา ไปทางทิศใต้ฝั่งอ่าวไทย ด้านใต้จะมีภูเขายื่นลงไปในทะเล ตรงปลายภูเขาจะมีหินก้อนใหญ่วางอยู่ เป็นสัญลักษณ์ของบริเวณนี้ หินก้อนที่วางตั้งเด่นอยู่เหนือโขดหิน ชาวบ้านเรียกว่า หัวนายเเรง หาดแห่งนี้เป็นที่ที่ชาวบ้านยังนิยมทำประมง มีเรือประมงจอดอยู่บริเวณชายหาดเป็นประจำ
205,หาดม่วงงาม,8,ชายหาด,ม่วงงาม,สิงหนคร,สงขลา,ใต้,7.35305600,100.49055600,ทัศนียภาพสวยงามเป็นแหล่งท่องเที่ยวที่สำคัญ,"เป็นชายหาดที่เกิดจากโครงสร้างทางธรรมชาติที่หายากและสวยงาม เป็นหาดทรายขาวละเอียด ยาวประมาณ 3 กิโลเมตร มีต้นมะพร้าวและต้นสนขึ้นตลอดแนวชายหาด คำว่า ""ม่วงงาม"" มาจากชื่อต้นไม้ชนิดหนึ่ง มีดอกสีม่วงขึ้นอยู่มากบริเวณนี้ จึงเรียกว่า ""ม่วงงาม"""
206,แหลมสนอ่อน,8,ชายหาด,บ่อยาง,เมืองสงขลา,สงขลา,ใต้,7.226944 ,100.57694400,ทัศนียภาพสวยงามเป็นที่ประดิษฐานอนุสาวรีย์กรมหลวงชุมพรเขตอุดมศักดิ์,"เป็นเเหลมที่งอกต่อจากแผ่นใหญ่ ขนานไปกับแม่น้ำทับถมนับร้อยปี เกิดจากโครงสร้างทางธรรมชาติที่หายากและสวยงาม อยู่บริเวณแหลมสมิหลา ร่มรื่นไปด้วยทิวสนทะเลที่ขึ้นทั่วไปของแหลมแห่งนี้ จึงได้ชื่อว่า ""แหลมสนอ่อน"""
207,น้ำตกทรายขาว,5,น้ำตก,ทรายขาว,โคกโพธิ์,ปัตตานี,ใต้,6.65676900,101.09606100,ทัศนียภาพสวยงามเป็นแหล่งท่องเที่ยวที่สำคัญ,อยู่ในอุทยานแห่งชาติน้ำตกทรายขาว เป็นน้ำตกที่มีน้ำไหลผ่านซอกหินสูง มีความสวยงามและหายาก สภาพพื้นที่โดยรอบเป็นป่าดิบชื้นที่อุดมสมบูรณ์ไปด้วยพรรณไม้และสัตว์ป่านานาชนิด
208,หาดรัชดาภิเษก (หาดสายหมอ),8,ชายหาด,บางเขา,หนองจิก,ปัตตานี,ใต้,6.85961700,101.137958 ,ทัศนียภาพสวยงามเป็นแหล่งท่องเที่ยวที่สำคัญ,เป็นหาดที่เกิดจากโครงสร้างทางธรรมชาติที่หายากและสวยงาม เป็นหาดที่มีทรายละเอียดตามแนวชายฝั่ง เป็นที่ตั้งของหมู่บ้านชาวประมง เดิมเป็นที่จอดเรือของชาวประมง จึงชื่อว่าบ้านสายหมอ และได้พัฒนาเป็นแหล่งท่องเที่ยว
209,หาดแฆแฆ,8,ชายหาด,น้ำบ่อ,ปะนาเระ,ปัตตานี,ใต้,6.84555600,101.55250000,เป็นชายหาดที่เกิดจากโขดหินแกรนิตที่ชายหาดทัศนียภาพสวยงาม เป็นแหล่งท่องเที่ยวที่สำคัญ,เป็นชายหาดซึ่งมีความสวยงามและน่าเที่ยวที่สุดแห่งหนึ่งของจังหวัดปัตตานี จุดเด่นของหาดแห่งนี้ คือ เป็นชายหาดที่มีโขดหินแกรนิตขนาดใหญ่ ลักษณะแปลกตาสวยงามบนเนินเขา และมีก้อนหินกระจายอยู่บริเวณรอบชายหาด และมีทรายละเอียดสวยงาม
210,หาดชลาลัย,8,ชายหาด,ปะนาเระ,ปะนาเระ,ปัตตานี,ใต้,6.87250000,101.48916700,ทัศนียภาพสวยงามเป็นแหล่งท่องเที่ยวที่สำคัญ,เป็นหาดทรายที่เกิดจากโครงสร้างทางธรรมชาติที่หายากและสวยงาม โดยการกระทำของคลื่นที่พัดเอาทรายขึ้นมาทับถมทุกปี มีทรายขาวละเอียด ยาวประมาณ 2 กิโลเมตร ตรงกลางมีแอ่งน้ำธรรมชาติที่กั้นด้วยทรายที่ถูกพัดขึ้นมาเเต่ละปี จะมีคลื่นแรงในบางฤดู ตลอดเเนวชายหาดมีต้นสนร่มรื่นสวยงาม
211,หาดตะโละกาโปร์,8,ชายหาด,ตะโละกาโปร์,ยะหริ่ง,ปัตตานี,ใต้,6.89888900,101.37138900,ทัศนียภาพสวยงามเป็นแหล่งท่องเที่ยวที่สำคัญ,เป็นหาดทรายขาวสะอาด ขนานกับชายฝั่งทะเล มีเรือกอและของชาวประมงจอดอยู่เป็นจำนวนมาก หาดทรายแห่งนี้ทอดยาวออกไปเรื่อย ๆ เพราะเกิดจากกระแสลมพัดเอาตะกอนทรายมาทับถมพอกพูน เหมาะแก่การไปนั่งพักผ่อนชมธรรมชาติ
212,แหลมตาชี (แหลมโพธิ์),8,ชายหาด,แหลมโพธิ์,ยะหริ่ง,ปัตตานี,ใต้,6.93583300,101.24055600,ทัศนียภาพสวยงามเป็นเอกลักษณ์ของท้องถิ่น,เป็นหาดทรายขาวต่อจากหาดตะโละกาโปร์ โดยลักษณะเด่นของหาดนี้ คือ เป็นหาดที่มีจะงอยของสันดอนที่งอกออกสู่ทะเล เกิดจากสันดอนทรายที่ทับถมเป็นเวลานานระหว่างปากแม่น้ำปัตตานีและทะเลฝั่งอันดามัน ส่วนที่งอกเป็นชายหาดยาวผสมกับเเนวทิวสนยาว เป็นสัญลักษณ์ของอ่าวปัตตานีมองเห็นได้จากระยะไกล
213,ถ้ำคูหาภิมุข,4,ถ้ำ,หน้าถ้ำ,เมืองยะลา,ยะลา,ใต้,6.52722200,101.22361100,เป็นสถานที่ศักดิ์สิทธิ์ที่มีประโยชน์ทางโบราณคดี,เป็นถ้ำที่เกิดจากโครงสร้างทางธรรมชาติที่หายาก และสวยงาม เป็นที่ตั้งของวัดคูหาภิมุข บริเวณโดยรอบถ้ำมีบรรยากาศร่มรื่น เหมาะเเก่การไปท่องเที่ยวเเละสักการะสิ่งศักดิ์สิทธิ์เพื่อความเป็นสิริมงคล
214,ถ้ำกระแซง,4,ถ้ำ,บันนังสตา,บันนังสตา,ยะลา,ใต้,6.21393900,101.20405100,เป็นเอกลักษณ์ของท้องถิ่น,เป็นถ้ำที่เกิดจากภูเขาสูง มีลำธารผ่านทะลุภูเขาเกิดเป็นถ้ำสูงประมาณ 50 เมตร บริเวณปากถ้ำเปิดกว้างประมาณ 25 เมตร เพดานถ้ำมีหินงอกหินย้อย มีธารน้ำและถ้ำลอดที่สวยงาม ในช่วงที่น้ำน้อยสามารถเดินเลาะเลียบตามลำธารลอดถ้ำไปทะลุอีกด้านหนึ่ง ซึ่งเป็นที่โล่ง โอบล้อมด้วยภูเขา เเละป่าที่อุดมสมบูรณ์ มีทัศนียภาพสวยงาม
215,น้ำตกสุขทาลัย (น้ำตกกือลอง),5,น้ำตก,ตลิ่งชัน,บันนังสตา,ยะลา,ใต้,6.31638900,101.358333 ,ทัศนียภาพสวยงามเป็นเอกลักษณ์ของท้องถิ่น,เป็นน้ำตกที่เกิดจากป่าดิบชื้นและภูเขาสูง ที่หายากและสวยงาม มีทั้งหมด 5 ชั้น โดยเฉพาะชั้นที่ 3 ที่มีน้ำไหลเเละสามารถลงเล่นน้ำได้ นอกจากนี้ยังเป็นที่ตั้งของตำหนักสมเด็จพระศรีนครินทราบรมราชชนี ในโอกาสที่เสด็จมาทรงปฏิบัติภารกิจในจังหวัดยะลา
216,น้ำตกธารโต,5,น้ำตก,ถ้ำทะลุ,บันนังสตา,ยะลา,ใต้,6.22131200,101.15880400,ทัศนียภาพสวยงามเป็นแหล่งท่องเที่ยวที่สำคัญ,เป็นน้ำตกที่เกิดจากภูเขาสูง มีป่าดิบชื้นสมบูรณ์ หายากและสวยงาม เป็นน้ำตกขนาดใหญ่ สูงทั้งหมด 9 ชั้น ต้นน้ำเกิดจากภูเขาชายเเดนมาเลเซีย มีน้ำตลอดทั้งปี สภาพป่าดงดิบเป็นที่อยู่อาศัยของนก อาทิ นกกาฮัง และนกเงือก เนื่องจากมีต้นไม้ใหญ่อยู่มาก
217,น้ำตกละอองรุ้ง,5,น้ำตก,แม่หวาด,ธารโต,ยะลา,ใต้,5.99739300, 101.186661,ทัศนียภาพสวยงามเป็นแหล่งท่องเที่ยวที่สำคัญ,"เป็นน้ำตกที่เกิดจากภูเขาสูง เป็นธรรมชาติที่ดี หายากและสวยงาม น้ำตกมีความสูงประมาณ 20 เมตร ตกจากหน้าผา น้ำจะไหลแรงตกสู่เบื้องล่าง เกิดเป็นละอองน้ำกระจายเมื่อกระทบเเสงเเดดจะเหมือนรุ้งกินน้ำอย่างสวยงาม จึงได้ชื่อว่า ""น้ำตกละอองรุ้ง"""
218,ถ้ำโต๊ะโม๊ะ,4,ถ้ำ,ภูเขาทอง,สุคิริน,นราธิวาส,ใต้,5.80194400,101.71055600,เป็นถ้ำที่มีการทำเหมืองทองคำในประเทศไทยมีประโยชน์ในด้านการศึกษาค้นคว้าทางภูมิศาสตร์,เป็นถ้ำที่มีความสำคัญทางประวัติศาสตร์ที่มีการทำเหมืองทองคำในประเทศไทย เป็นถ้ำที่เป็นเหมืองอุโมงค์ มีร่องรอยการทำเหมืองทองคำสมัยก่อนสงครามโลกครั้งที่ 2 อยู่ในป่าดิบกลางหุบเขาที่อุดมสมบูรณ์
219,น้ำตกฉัตรวาริน,5,น้ำตก,โต๊ะเด็ง,สุไหงปาดี,นราธิวาส,ใต้,6.10277800,101.83444400,ทัศนียภาพสวยงามเป็นแหล่งท่องเที่ยวที่สำคัญ,เป็นน้ำตกขนาดกลาง มีต้นกำเนิดจากยอดเขาบูเต๊ะกาว ในอุทยานแห่งชาติเทือกเขาบูโด-สุไหงปาดี มีน้ำตลอดทั้งปี น้ำตกแบ่งได้ 7 ชั้น ไหลลดหลั่นกันลงมา แวดล้อมไปด้วยพันธุ์ไม้นานาพรรณ บริเวณโดยรอบเป็นป่าดิบชื้น มีไม้หายาก อาทิ หวาย ตะค้าทอง และปาล์มบังสูรย์ ที่พบได้เฉพาะที่นี่
220,น้ำตกบาโจ (ปาโจ),5,น้ำตก,บาเจาะ,บาเจาะ,นราธิวาส,ใต้,6.49777800,101.63416700,ทัศนียภาพสวยงามเป็นแหล่งท่องเที่ยวที่สำคัญ,เป็นน้ำตกที่เกิดจากโครงสร้างทางธรรมชาติที่ดี เป็นป่าสมบูรณ์และภูเขาสูงที่หายากและสวยงาม โดยน้ำตกซึ่งตกมาจากผาสูงในเทือกเขาบูโด สูง 9 ชั้น ชั้นเเรกสูงประมาณ 70 เมตร ซึ่งมีความสวยงามมาก นับว่าเป็นน้ำตกที่ใหญ่ที่สุดในจังหวัดและสวยงามแห่งหนึ่งของภาคใต้
221,น้ำตกซีโป,5,น้ำตก,เฉลิม,ระแงะ,นราธิวาส,ใต้,6.270278 ,101.64083300,ทัศนียภาพสวยงามเป็นแหล่งท่องเที่ยวที่สำคัญ,เป็นน้ำตกที่เกิดจากโครงสร้างทางธรรมชาติที่ดี จากป่าสมบูรณ์และภูเขาสูงที่หายากและสวยงาม เป็นน้ำตกขนาดใหญ่ ต้นน้ำเกิดจากป่าดิบชื้นธรรมชาติ มี 7 ชั้น ชั้นที่ 7 เป็นชั้นที่สวยงามที่สุด สายน้ำแผ่กว้างสวยงาม อาบเต็มหน้าผาสูงประมาณ 30 เมตร ตกลงสู่แอ่งน้ำเบื้องล่างอย่างสวยงาม
222,หาดนราทัศน์,8,ชายหาด,บางนาค,เมืองนราธิวาส,นราธิวาส,ใต้,6.44611100,101.82805600,เป็นหาดทรายสีขาวสะอาดทัศนียภาพสวยงาม,เป็นหาดทรายสีขาวละเอียด มีต้นสนขึ้นหนาแน่นตลอดแนวชายหาด พบชุมชนประมงบริเวณชายหาด และชายหาดช่วงที่อยู่ด้านหน้าหมู่บ้านจะมีเรือกอและจอดเรียงรายอย่างสวยงาม โดยเฉพาะลักษณะของเรือกอและที่มีการวาดลวยลายอันวิจิตร ซึ่งเป็นวัฒนธรรมของชาวใต้
223,ถ้ำพระขยางค์,4,ถ้ำ,ลำเลียง,กระบุรี,ระนอง,ใต้,10.32611100,98.76527800,ทัศนียภาพสวยงามเป็นแหล่งท่องเที่ยวที่สำคัญ,เป็นถ้ำที่มีโครงสร้างทางธรรมชาติที่หายากและสวยงาม เกิดจากภูเขาหินปูน ภายในเเบ่งเป็น 3 ชั้น ปากถ้ำมีพระพุทธรูปอันเป็นที่เคารพสักการะของชาวบ้าน ชั้นบนสุดเป็นที่โล่ง สามารถทะลุออกภายนอกซึ่งเป็นบริเวณที่เชื่อกันว่า มีการนำเอาสมุนไพรที่หายากมาปลูกไว้ ลมพัดเข้าทางช่องอุโมงค์ด้านบนได้
224,น้ำตกหงาว,5,น้ำตก,หงาว,เมืองระนอง,ระนอง,ใต้,9.85611100,98.62750000,ทัศนียภาพสวยงามเป็นแหล่งท่องเที่ยวที่สำคัญ,เป็นน้ำตกที่มีโครงสร้างทางธรรมชาติที่ดี มีความสูงประมาณ 200 เมตร ไหลลงมาจากยอดเขาเป็นสายยาว สามารถมองเห็นได้ตั้งแต่ระยะไกล มีสัตว์ที่เป็นจุดเด่น คือ “ปูเจ้าฟ้า” ปูน้ำตกพันธุ์ใหม่ พบครั้งแรกในโลกที่บริเวณน้ำตกหงาว
225,น้ำตกปุญญบาล,5,น้ำตก,ทรายแดง,เมืองระนอง,ระนอง,ใต้,10.06480400,98.670067 ,ทัศนียภาพสวยงามเป็นแหล่งท่องเที่ยวที่สำคัญ,"เป็นน้ำตกที่มีทิวทัศน์ที่สวยงาม มีทั้งหมด 3 ชั้น ชั้นที่ 1 เรียกว่า ""ปุญญบาล"" เป็นชั้นที่สวยที่สุด บริเวณรอบน้ำตกร่มรื่นด้วยต้นไม้ใหญ่ และมีเส้นทางจากน้ำตกชั้นที่ 1 ถึงชั้นที่ 3 มีระยะทางประมาณ 300 เมตร นักท่องเที่ยวสามารถเดินศึกษาแหล่งต้นน้ำ และระบบนิเวศน์ป่าดิบชื้นได้"
226,หาดแหลมสน,8,ชายหาด,ม่วงกลาง,กะเปอร์,ระนอง,ใต้,9.60305600,98.46472200,เป็นหาดทรายขาวสะอาดทัศนียภาพสวยงามเป็นแหล่งท่องเที่ยวที่สำคัญ,เป็นชายหาดที่เกิดจากโครงสร้างทางธรรมชาติที่ขาวสะอาด ชายหาดเป็นทรายละเอียด ลักษณะสวยงาม และมีทิวสนธรรมชาติเรียงขนานกับชายหาดดูร่มรื่น
227,หาดประพาส,8,ชายหาด,กำพวน,สุขสำราญ,ระนอง,ใต้,9.36777800,98.39555600,เป็นหาดทรายขาวสะอาดทัศนียภาพสวยงามเป็นแหล่งท่องเที่ยวที่สำคัญ,เป็นชายหาดที่เกิดจากโครงสร้างทางธรรมชาติที่ขาวสะอาด หายาก และสวยงาม มีหาดทรายที่ขาวละเอียด มีทิวสนขึ้นตามธรรมชาติริมชายหาด ดูร่มรื่น สวยงาม
228,บ่อน้ำร้อนแร่ธรรมชาติ (รักษะวาริน),6,โป่งน้ำพุร้อน,บางริ้น,เมืองระนอง,ระนอง,ใต้,9.95861100,98.64944400,เป็นบ่อน้ำพุร้อนที่สวยงามเป็นแหล่งท่องเที่ยวที่สำคัญและเป็นเอกลักษณ์ของท้องถิ่น,เป็นบ่อน้ำร้อนที่เกิดจากโครงสร้างทางธรรมชาติ ที่หายากและสวยงาม ไหลจากชั้นหินใต้พื้นดิน มีการพิสูจน์แล้วว่าไม่มีสารเคมีเจือปนที่จะเป็นอันตรายแก่ร่างกาย สามารถใช้ดื่มเเละอาบได้ ติดกับภูเขาที่ปกคลุมไปด้วยป่าดงดิบ ทำให้บรรยากาศร่มรื่น ถือเป็นแหล่งท่องเที่ยวที่ขึ้นชื่อและเป็นเอกลักษณ์ของจังหวัดระนอง
229,เขาพิงกัน-เขาตะปู,10,ธรณีสัณฐานและภูมิลักษณวรรณา,กระโสม,ตะกั่วทุ่ง,พังงา,ใต้,8.27427400,98.50118400,เป็นเกาะที่เกิดจากภูเขาหินปูนอยู่กลางทะเล เป็นแหล่งท่องเที่ยวที่สำคัญและเป็นเอกลักษณ์ของท้องถิ่น,เขาตะปูเป็นยอดเขาขนาดเล็ก ตั้งอยู่กลางทะเล ส่วนล่างถูกน้ำกัดเซาะจนคอดกิ่วเหมือนตะปู ส่วนเขาพิงกันประกอบด้วยภูเขาสองลูกด้านทิศตะวันตก และทิศตะวันออก โดยมีสันดอนเชื่อมเกาะทั้งสองให้เป็นเกาะเดียวกัน ที่ฐานภูเขาด้านทิศตะวันตกมีมวลหินก้อนใหญ่ตั้งพิงอยู่ เกิดจากแผ่นหินปูนเรียบ สูงประมาณ 30 เมตร ลักษณะเหมือนกับเอนมาพิงกัน
230,ถ้ำสุวรรณคูหา (พังงา),4,ถ้ำ,กระโสม,ตะกั่วทุ่ง,พังงา,ใต้,8.42854600,98.47170600,เป็นถ้ำที่สวยงามและมีความสำคัญทางประวัติศาสตร์และศาสนา,เป็นถ้ำที่เกิดจากโครงสร้างทางธรรมชาติที่หายาก และสวยงามมีความสำคัญทั้งทางประวัติศาสตร์เเละทางศาสนาของจังหวัดพังงา เป็นภูเขาหินปูนลูกโดดขนาดเล็กตั้งอยู่ในเขตพื้นที่ ภายในถ้ำจะโล่งมีลมพัดผ่านทำให้รู้สึกเย็นสบายเมื่อเข้ามา
231,ถ้ำพุงช้าง,4,ถ้ำ,ท้ายช้าง,เมืองพังงา,พังงา,ใต้,8.44250000,98.51555600,เป็นถ้ำที่สวยงาม,เป็นถ้ำที่เกิดจากโครงสร้างทางธรรมชาติที่ดี หายากและสวยงาม ภายในถ้ำมีหินงอกหินย้อยรูปร่างแปลก ๆ มีสายน้ำไหลผ่านถ้ำตลอดปี เมื่อปี พ.ศ. 2458 รัชกาลที่ 6 เคยเสด็จประพาส และรัชกาลที่ 7 ได้ทรงลงพระปรมาภิไธยจารึกไว้ที่หน้าผาด้านหน้าเพื่อเป็นอนุสรณ์
232,ถ้ำลอด,4,ถ้ำ,เกาะปันหยี,เมืองพังงา,พังงา,ใต้,8.30027800,98.49694400,ทัศนียภาพสวยงามเป็นแหล่งท่องเที่ยวที่สำคัญ,เป็นถ้ำที่เกิดจากโครงสร้างทางธรรมชาติที่หายากและสวยงาม เกิดจากภูเขาหินปูนในทะเลอ่าวพังงา มีลักษณะเป็นถ้ำขนาดใหญ่ที่มีช่องทะลุให้น้ำทะเลไหลผ่านไปอีกด้าน ช่วงน้ำลดเรือสามารถเเล่นผ่านได้ บนเพดานถ้ำลอดจะมีหินงอกหินย้อยสวยงาม
233,น้ำตกลำปี,5,น้ำตก,ท้ายเหมือง,ท้ายเหมือง,พังงา,ใต้, 8.463056,98.280833 ,ทัศนียภาพสวยงามเป็นแหล่งท่องเที่ยวที่สำคัญ,เป็นน้ำตกขนาดกลาง มี 3 ชั้น แต่ละชั้นสูงประมาณ 100 เมตร น้ำตกชั้นล่างสุดมีแอ่งน้ำใสสะอาด และบริเวณน้ำตกปกคลุมไปด้วยต้นไม้ให้ความร่มรื่นสวยงาม
234,อ่าวไม้งาม,8,ชายหาด,เกาะพระทอง,คุระบุรี,พังงา,ใต้,9.43527800,97.86055600,ทัศนียภาพสวยงามเป็นแหล่งท่องเที่ยวที่สำคัญ,เป็นอ่าวขนาดใหญ่ โค้งอ่าวเว้าลึกเป็นรูปตัวยู (U) ขนาบด้วยแหลมหินทั้งสองด้าน ด้านในสุดของอ่าวเป็นแนวหาดทรายขาวสะอาดสะดุดตา ถัดจากหาดทรายไปเป็นที่ราบ ร่มรื่นเต็มไปด้วยป่าชายหาด ป่าชายเลน ซึ่งเป็นธรรมชาติที่งดงามมาก
235,อ่าวเเม่ยาย,8,ชายหาด,เกาะพระทอง,คุระบุรี,พังงา,ใต้,9.43861100,97.88111100,เป็นอ่าวที่แวดล้อมด้วยหมู่เกาะมีความสวยงาม,เป็นอ่าวที่แวดล้อมไปด้วยหมู่เกาะ เป็นอ่าวรูปโค้งเหมือพระจันทร์เสี้ยว เป็นอ่าวที่มีขนาดใหญ่ที่สุด คลื่นลมสงบ บริเวณชายหาดมีทรายสีขาวละเอียด และเป็นแหล่งที่มีปะการังน้ำตื้นที่สวยงาม
236,หาดท้ายเหมือง,8,ชายหาด,ท้ายเหมือง,ท้ายเหมือง,พังงา,ใต้,8.40444400,98.24527800,เป็นหาดทรายขาวสะอาดทัศนียภาพสวยงาม เป็นแหล่งท่องเที่ยวที่สำคัญ,หาดทรายที่ทอดยาวเลียบไปตามทะเลอันดามันนับสิบกิโลเมตร นับเป็นหาดทรายที่มีความยาวมากที่สุดในจังหวัดพังงา ทรายมีสีขาวละเอียด แทบจะไม่มีเปลือกหอยให้เห็น ตลอดแนวชายหาดเรียงรายด้วยต้นสนสูงใหญ่ และพื้นทรายคลุมด้วยต้นผักบุ้งทะเลสวยงาม ชายหาดค่อนข้างชัน เคยเป็นที่วางไข่ของเต่ากระ เต่าตนุ และมีการรณรงค์ปล่อยเต่าลงทะเลทุกปี
237,น้ำตกโตนไทร,5,น้ำตก,เทพกระษัตรี,ถลาง,ภูเก็ต,ใต้,8.02784800,98.36361900,ทัศนียภาพสวยงามเป็นแหล่งท่องเที่ยวที่สำคัญ,เป็นแหล่งกักเก็บน้ำธรรมชาติที่ใหญ่ที่สุดบนเกาะภูเก็ต ตัวน้ำตกเกิดจากสายน้ำสองสายจากป่าดงดิบธรรมชาติในเทือกเขาพระเเทวไหลมารวมกันเป็นสายน้ำตก รอบพื้นที่น้ำตกมีเส้นทางเดินศึกษาธรรมชาติ มีพืชพรรณหลากหลายชนิด และพืชพิเศษ คือ ปาล์มหลังขาว ซึ่งมีแห่งเดียวในโลก
238,หาดในยาง,8,ชายหาด,สาคู,ถลาง,ภูเก็ต,ใต้,8.08944400,98.29722200,ทัศนียภาพสวยงามเป็นแหล่งท่องเที่ยวที่สำคัญ,เป็นชายหาดที่อยู่ในอุทยานแห่งชาติสิรินาถ เกิดจากโครงสร้างทางธรรมชาติที่หายาก สวยงาม หาดทรายขาวสะอาด ทอดยาวตามแนวสนธรรมชาติ น้ำทะเลใส เหมาะที่จะเล่นน้ำ ดำน้ำและพักผ่อน เมื่อมองไปด้านทิศใต้ จะมีแหลมที่เห็นได้ว่าเป็นสัญลักษณ์ของหาดในยาง เป็นที่พักผ่อนของนักท่องเที่ยว
239,หาดป่าตอง,8,ชายหาด,ป่าตอง,กะทู้,ภูเก็ต,ใต้,7.896111 ,98.29527800,ทัศนียภาพสวยงามเป็นแหล่งท่องเที่ยวที่สำคัญ,เป็นชายหาดรูปตัว U ยาวประมาณ 3 กิโลเมตร เกิดจากโครงสร้างทางธรรมชาติที่หายากและสวยงาม มีแนวภูเขาคั่นหัวและท้าย ช่วยบังคลื่นลมได้อย่างดี น้ำทะเลใสสีเขียวมรกต บริเวณชายหาดมีทรายขาวละเอียด นักท่องเที่ยวนิยมมาเล่นน้ำ นอนอาบแดด และทำกิจกรรมต่าง ๆ เช่น ขี่เจ็ทสกี โดดร่มพาราเซล เรือใบ หาดแห่งนี้นับว่าเป็นชายหาดที่ขึ้นชื่อของจังหวัดภูเก็ต
240,หาดสุรินทร์,8,ชายหาด,เชิงทะเล,ถลาง,ภูเก็ต,ใต้,7.97527800,98.278333 ,ทัศนียภาพสวยงามมีโขดหินแกรนิตทางด้านเหนือ-ใต้ของชายหาด,เป็นหนึ่งในชายหาดที่สวยของเกาะภูเก็ต ตั้งอยู่ทางทิศตะวันตกของเกาะ หันหน้าไปทางทะเลอันดามัน ชายหาดยาวประมาณ 1 กิโลเมตร มีโขดหินแกรนิตทางด้านเหนือ-ใต้ ของชายหาด มีทรายสีขาวละเอียด น้ำทะเลใส บรรยากาศร่มรื่น
241,หาดในหาน,8,ชายหาด,ราไวย์,เมืองภูเก็ต,ภูเก็ต,ใต้,7.77583300,98.30583300,ทัศนียภาพสวยงามเป็นจุดที่มองเห็นพระอาทิตย์ตกดิน,เป็นหาดทรายสีขาวละเอียด ยาวประมาณ 1 กิโลเมตร เป็นจุดชมวิวที่สวยงามมองเห็นพระอาทิตย์ตกดิน ทางด้านใต้มองเห็นกังหันลมของกองทัพเรือที่แหลมพรมเทพ หาดนี้นี้ยังเป็นที่ดำน้ำดูปะการังของนักท่องเที่ยว นอกจากนี้หาดในหานยังเป็นหาดที่จอดเรือของทั่วโลก
242,เขารัง,3,ภูเขา,รัษฎา,เมืองภูเก็ต,ภูเก็ต,ใต้,7.892025 ,98.380042 ,เป็นภูเขาโดดล้อมรอบด้วยบ้านเรือน,เป็นภูเขาโดดตั้งอยู่ในเขตเทศบาลเมืองภูเก็ต เกิดจากโครงสร้างทางธรรมชาติ หายากและสวยงาม ล้อมรอบด้วยอาคารบ้านเรือน บนเขารังเป็นที่ตั้งอนุสาวรีย์ของพระยารัษฎานุประดิษฐ์มหิศรภักดี หรือ คอซิมบี๊ ณ ระนอง เจ้าเมืองภูเก็ตในอดีต เป็นสวนสาธารณะเขารัง และยังเป็นจุดชมวิวเมืองภูเก็ตได้ทุกทิศทาง
243,แหลมพรหมเทพ,3,ภูเขา,ราไวย์,เมืองภูเก็ต,ภูเก็ต,ใต้, 7.759076,98.30359100,ทัศนียภาพสวยงามเป็นเอกลักษณ์ของท้องถิ่น,เป็นหนึ่งในจุดชมพระอาทิตย์ตกที่สวยที่สุดในเมืองไทย เป็นแหลมที่อยู่ใต้สุดของเกาะภูเก็ต มีลักษณะเป็นแหลมโขดหินลาดลงสู่ทะเล และยังเป็นที่ตั้งของอนุสาวรีย์กรมหลวงชุมพรเขตอุดมศักดิ์ ซึ่งประดิษฐานที่บริเวณประภาคารกาญจนาภิเษก แหลมพรหมเทพ และประภาคารแห่งนี้ยังใช้เป็นเครื่องหมายในการเดินเรือ เนื่องจากจังหวัดภูเก็ตถือเป็นหนึ่งในศูนย์กลางของเส้นทางคมนาคมทางทะเลที่สำคัญแห่งท้องทะเลอันดามัน
244,เกาะพีพีเล-เกาะพีพีดอน,1,เกาะ,อ่าวนาง,เมืองกระบี่,กระบี่,ใต้,7.74555600,98.77777800,ทัศนียภาพสวยงามเป็นเอกลักษณ์ของท้องถิ่น,เป็นเกาะที่มีโครงสร้างทางธรรมชาติที่ดี หายากและสวยงาม เป็นเกาะในทะเลอันดามัน ประกอบด้วย 2 เกาะ เกาะเล็กที่อยู่ล่าง คือเกาพีพีเล มีชายหาดที่สวยงาม คือ อ่าวมาหยา และถ้ำไวกิ้ง ที่มีภาพเขียนบนฝาผนัง ส่วนเกาะพีพีดอน เป็นชายหาดสองหาดเป็นรูปเว้าเข้าหากัน เห็นได้ชัดจากจุดชมวิว ซึ่งทั้งสองเกาะนี้เป็นเเหล่งท่องเที่ยวที่สำคัญและมีชื่อเสียงของจังหวัดกระบี่
245,เขาขนาบน้ำ,3,ภูเขา,ปากน้ำ,เมืองกระบี่,กระบี่,ใต้,8.07805600,98.92083300,ทัศนียภาพสวยงามเป็นเอกลักษณ์ของท้องถิ่น,เป็นเขาหินปูนสองลูกสูงประมาณ 100 เมตร ขนาบแม่น้ำกระบี่ด้านหน้าตัวเมืองกระบี่ สองฝั่งเป็นป่าชายเลนที่มีความสมบูรณ์ และมีน้ำทะเลล้อมรอบ ก่อให้ภูมิทัศน์ที่สวยงาม ถือเป็นสัญลักษณ์ของเมืองกระบี่ ยังมีเพิงผา โพรงถ้ำ สามารถขึ้นไปเที่ยวถ้ำบนเขาได้ ภายในมีหินงอกหินย้อยและเป็นสถานที่ที่เคยพบโครงกระดูกมนุษย์จำนวนมาก
246,ถ้ำพระนางใน,4,ถ้ำ,อ่าวนาง,เมืองกระบี่,กระบี่,ใต้,8.01354100,98.84201300,ทัศนียภาพสวยงามเป็นสถานที่ศักดิ์สิทธิ์,เป็นถ้ำที่เกิดจากภูเขาหินปูน บริเวณหน้าถ้ำจะเป็นชายหาดสีขาวละเอียด เป็นสถานที่ที่นักท่องเที่ยวไทยและต่างชาตินิยมมาท่องเที่ยว ส่วนทางขึ้นถ้ำจะมีรูปปั้น และมีทางขึ้นเพื่อที่จะปีนขึ้นสู่บนถ้ำ ภายในถ้ำมีหินงอกหินย้อยสวยงาม เป็นสถานที่เคารพบูชาของชาวบ้าน
247,ถ้ำเสด็จ,4,ถ้ำ,ไสไทย,เมืองกระบี่,กระบี่,ใต้,8.11027800,98.86416700,ทัศนียภาพสวยงามรัชกาลที่ 6 เคยเสด็จผ่านและพักเสวยพระกระยาหารกลางวันที่นี่จึงมีชื่อว่าถ้ำเสด็จ,"เป็นถ้ำในหุบเขาที่มีโพรงทะลุถึงกัน ภายในตัวถ้ำมีหินงอก หินย้อยงดงาม เมื่อครั้งอดีตพระบาทสมเด็จพระมงกุฎเกล้าเจ้าอยู่หัว (รัชกาลที่ 6) ครั้งทรงดำรงพระอิสริยยศเป็นสมเด็จพระบรมโอรสาธิราชมงกุฎราชกุมาร ได้เสด็จพระราชดำเนินทอดพระเนตรถ้ำแห่งนี้ ชาวบ้านเลยเรียกชื่อถ้ำนี้ว่า ""ถ้ำเสด็จ"""
248,ถ้ำไวกิ้ง,4,ถ้ำ,อ่าวนาง,เมืองกระบี่,กระบี่,ใต้,7.69122500,98.76676700,ทัศนียภาพสวยงามมีภาพเขียนก่อนประวัติศาสตร์สัญลักษณ์คล้ายเรือไวกิ้ง,เป็นถ้ำขนาดใหญ่บนเกาะพีพีเล ซึ่งมีโขดหินผาสูงชันกลางทะเลอันดามัน ถ้ำมีเพดานสูง ภายในถ้ำมีหินงอกหินย้อยขนาดใหญ่ ผนังถ้ำมีภาพเขียนก่อนประวัติศาสตร์โปราณ โดยเฉพาะภาพที่เด่น ซึ่งมีชัดลักษณะคล้ายเรือไวกิ้ง
249,อ่าวพระนาง,8,ชายหาด,อ่าวนาง,เมืองกระบี่,กระบี่,ใต้,8.00583300,98.83750000,เป็นหาดทรายขาวสะอาดทัศนียภาพสวยงามเป็นแหล่งท่องเที่ยวที่สำคัญ,เป็นชายหาดที่สวยงามของจังหวัดกระบี่ ที่เกิดจากโครงสร้างทางธรรมชาติที่ดี และหายาก เป็นชายหาดที่มีทรายขาวละเอียด ปะปนด้วยเปลือกหอยชิ้นเล็ก ๆ ด้านทิศตะวันตกเป็นภูเขา มีหินงอกหินย้อยแปลกตา ด้านตะวันออกเป็นถ้ำพระนางใน มีวิวภูเขาหินปูนและหน้าผาสวยงาม เป็นแหล่งท่องเที่ยวที่สำคัญของจังหวัด
250,สุสานหอย 75 ล้านปี,9,ซากดึกดำบรรพ์,ไสไทย,เมืองกระบี่,กระบี่,ใต้,8.02222200,98.88361100,เป็นแหล่งซากดึกดำบรรพ์มีประโยชน์ในด้านภูมิศาสตร์และวิทยาศาสตร์,เป็นแผ่นหินปูนในพื้นที่กว้างประมาณ 50 เมตร ยาว 20 เมตร ตลอดเเนวชายฝั่ง แผ่นหินประกอบด้วยซากบรรพชีวิน (Fossil) ของหอยน้ำจืดชนิดต่าง ๆ ส่วนใหญ่เป็นหอยขม มีขนาดยาวประมาณ 2 เซนติเมตร มีประโยชน์ในการศึกษาค้นคว้าทางด้านธรณีวิทยา ภูมิศาสตร์ และวิทยาศาสตร์
251,ถ้ำผีหัวโต,4,ถ้ำ,อ่าวลึกใต้,อ่าวลึก,กระบี่,ใต้,8.38194400,98.68250000,มีภาพเขียนก่อนประวัติศาสตร์บนฝาผนังถ้ำ,เป็นถ้ำบนภูเขาหินปูน ซึ่งอยู่สูงกว่าระดับปกติ 5 เมตร และคาดว่าน้ำทะเลคงท่วมถึง เนื่องจากภายในถ้ำมีซากหอย และภายในถ้ำยังมีภาพเขียนสมัยก่อนประวัติศาสตร์ รูปปลาและรูปคนอยู่หลายภาพ เมื่อก่อนมีซากของคนเเละพบหัวกะโหลกอยู่จำนวนมาก แต่ปัจจุบันไม่มีแล้ว จึงเป็นที่มาของชื่อถ้ำหัวกะโหลก หรือถ้ำผีหัวโต
252,ถ้ำเพชร,4,ถ้ำ,อ่าวลึกเหนือ,อ่าวลึก,กระบี่,ใต้,8.39314300,98.77388600,เป็นถ้ำที่มีหินงอกหินย้อยที่สวยงาม,เป็นถ้ำที่มีหินงอกหินย้อยที่สวยงาม เกิดจากโครงสร้างทางธรรมชาติที่หายากเป็นถ้ำที่มีความลึก ตั้งอยู่บนเขาหินปูนขนาดใหญ่ มี 2 ถ้ำ มีหินงอก หินย้อยเป็นประกายแวววาวคล้ายเพชร เป็นแหล่งท่องเที่ยวที่สำคัญ
253,ถ้ำเขาปินะ,4,ถ้ำ,นาวง,ห้วยยอด,ตรัง,ใต้,7.748611 ,99.526667 ,เป็นถ้ำที่มีความสำคัญทางประวัติศาสตร์,เป็นถ้ำที่เกิดจากโครงสร้างทางธรรมชาติที่หายากและสวยงาม และมีความสำคัญทางประวัติศาสตร์ เป็นถ้ำภูเขาหินปูนลูกโดดในเขตพื้นที่ราบลุ่มแม่น้ำตรัง โถงใหญ่ที่เป็นทางเข้ามีหินงอกหินย้อยสวยงาม ภายในถ้ำมีลายอักษรย่อของรัชกาลที่ 6 และรัชกาลที่ 7 ไว้บนด้านบนผนังถ้ำมะขาม
254,น้ำตกโตนเต๊ะ,5,น้ำตก,ปะเหลียน,ปะเหลียน,ตรัง,ใต้,7.29454600,99.88347800,เป็นน้ำตกที่เกิดจากเทือกเขาบรรทัดมีความสวยงามมาก,เป็นน้ำตกที่เกิดจากเทือกเขาบรรทัด มีโครงสร้างทางธรรมชาติที่หายากและสวยงาม น้ำตกลงมาจากหน้าผาสูงประมาณ 40 เมตร เห็นน้ำตกฟุ้งกระจายสวยงาม
255,ทะเลสองห้อง,7,แหล่งน้ำ,บางดี,ห้วยยอด,ตรัง,ใต้,7.85127300,99.47807500,เป็นแอ่งน้ำ 2 แอ่งติดกัน มีความสวยงามมาก,"เป็นแอ่งน้ำธรรมชาติกว้างใหญ่คล้ายทะเลสาบโอบล้อมด้วยภูเขาหลายลูก บริเวณเเอ่งน้ำเหมือนพื้นที่รับน้ำ เมื่อน้ำแห้งจะเห็นแอ่งเป็นสองห้องเห็นได้ชัด เเละเมื่อน้ำมากจะเหมือนกับบึงน้ำขนาดใหญ่ เนื้อที่ประมาณ 200 ไร่ และอุดมสมบูรณ์ด้วยไม้นานาชนิด ตอนกลางของแอ่งน้ำมีเขายื่นออกมาเกือบติดต่อกัน แบ่งแอ่งน้ำออกเป็น 2 ตอน จึงเป็นที่มาของชื่อ ""ทะเลสองห้อง"""
256,หาดเจ้าไหม,8,ชายหาด,ไม้ฝาด,กันตัง,ตรัง,ใต้,7.42777800,99.34583300,เป็นหาดทรายละเอียดมีความสวยงามมาก,เป็นชายหาดทรายขาว บางแห่งปนด้วยโคลนสีดำ เมื่อเวลาน้ำลงชายหาดจะกว้าง น้ำใส ด้านหน้ามองเห็นเกาะน้อยใหญ่หลายเกาะ เช่น เกาะมุก เกาะกระดาน เป็นที่อยู่ของชาวเล และที่ดำน้ำดูปะการัง มีหญ้าทะเล ซึ่งเป็นอาหารของปลาพะยูน ทำให้มีปลาพะยูนบริเวณนี้ เเละเป็นที่วางไข่ของเต่าทะเล
257,หาดปากเมง,8,ชายหาด,ไม้ฝาด,สิเกา,ตรัง,ใต้,7.49361100,99.32666700,เป็นหาดทรายมีความสวยงามมาก,เกิดจากหาดทรายที่มีโครงสร้างทางธรรมชาติที่ดี หายากและสวยงาม เป็นหาดที่มีทรายสีขาว ละเอียด เป็นเเนวยาวต่อไปถึงหาดเจ้าไหม ถือว่าเป็นหาดที่สวยงามและสงบ ยาวประมาณ 3 - 4 กิโลเมตร มีทิวสนขนาดใหญ่เป็นร่มเงาให้กับนักท่องเที่ยว
258,เกาะไข่ (เกาะตะรุเตา),1,เกาะ,เกาะสาหร่าย,เมืองสตูล,สตูล,ใต้,6.58527800,99.66222200,เป็นเกาะที่สวยงามรูปหินโค้งเป็นสัญลักษณ์การท่องเที่ยวที่สำคัญของจังหวัดสตูล,เป็นเกาะขนาดเล็กที่เกิดจากน้ำทะเลกัดเซาะเป็นโพรงใหญ่รูปประตูโค้งยื่นลงไปในทะเล ซึ่งเรียกกันว่า “ซุ้มรักนิรันดร” บริเวณรอบเกาะเป็นหาดทรายขาวละเอียด เป็นทิวทัศน์ที่สวยงามมาก เป็นสัญลักษณ์การท่องเที่ยวที่สำคัญของจังหวัดสตูล
259,ผาโต๊ะบู (เกาะตะรุเตา),3,ภูเขา,เกาะสาหร่าย,เมืองสตูล,สตูล,ใต้,6.70166200,99.64788700,เป็นหน้าผาที่สวยงามมีประโยชน์ในการค้นคว้าทางภูมิสัณฐานของหิน,เป็นหน้าผาที่เกิดจากโครงสร้างทางธรรมชาติที่หายาก และสวยงาม บริเวณหน้าผามีลักษณะเป็นชั้น ๆ เกิดจากการยกตัวของหิน ที่เห็นได้ชัดในระยะไกล ผาโต๊ะบู มีทางขึ้นหน้าผา โดยมีบันไดขึ้น ระหว่างทางมีศาลาพัก 2 หลัง เพื่อเป็นจุดชมวิวของนักท่องเที่ยว ซึ่งสามารถมองเห็นวิวทิวทัศน์ด้านล่างกว้างไกล
260,อ่าวพันเตมะละกา (เกาะตะรุเตา),8,ชายหาด,เกาะสาหร่าย,เมืองสตูล,สตูล,ใต้,6.69472200,99.64444400,เป็นชายหาดขาวและเป็นแหล่งท่องเที่ยวที่สำคัญ,เป็นชายหาดขาวบนเกาะที่มีโครงสร้างทางธรรมชาติ ที่หายากและสวยงาม เป็นหาดทรายขาวละเอียดที่มีความยาวประมาณ 3 - 5 กิโลเมตร มีน้ำทะเลสีครามใส ทะเลจะสงบระหว่าเดือนพฤษภาคมถึงเดือนตุลาคม
261,หาดหินงาม (เกาะตะรุเตา),8,ชายหาด,เกาะสาหร่าย,เมืองสตูล,สตูล,ใต้,6.51444400,99.26166700,เป็นหาดหินที่มีความสวยงามและเป็นเอกลักษณ์ของท้องถิ่น,เป็นหาดหินที่เกิดจากโครงสร้างทางธรรมชาติ ที่หายาก และสวยงาม เป็นเอกลักษณ์ของท้องถิ่น เป็นชายหาดบนเกาะเล็ก ๆ ที่มีหินกรวดขนาดต่าง ๆ ที่เกิดจากการกัดเซาะของกระแสน้ำจนมีลักษณะเป็นมันกลมเกลี้ยง เนื่องจากบริเวณนี้เป็นแนวกระเเสน้ำที่ผ่านมาจากที่ต่าง ๆ ไม่ว่าจะเป็นเกาะราวี เกาะอาดัง หรือเกาะหลีเป๊ะ เป็นหาดหินบรรยากาศร่มรื่นสวยงาม
262,หาดปากบารา,8,ชายหาด,ปากน้ำ,ละงู,สตูล,ใต้,6.85027800, 99.734722,เป็นหาดที่เกิดจากการทับถมของทรายมีความสวยงาม,เป็นชายหาดที่เกิดจากาารทับถมของทราย ซึ่งเป็นโครงสร้างทางธรรมชาติที่ดี หายาก และสวยงาม มีทรายสีขาวละเอียด เป็นแนวยาวประมาณ 2 กิโลเมตร เป็นสถานที่ที่เหมาะสำหรับการมาท่องเที่ยวพักผ่อน
263,หาดราไว,8,ชายหาด,ขอนคลาน,ทุ่งหว้า,สตูล,ใต้,6.99944400,99.67055600,เป็นชายหาดขาวและเป็นแหล่งท่องเที่ยวที่สำคัญ,เป็นชายหาดที่มีโครงสร้างทางธรรมชาติที่ดี หายาก และสวยงาม เป็นชายหาดสีปนโคลน มีเกล็ดหอยและเปลือกหอยสีขาวกระจายทั่วชายหาด ยามน้ำขึ้นน้ำลงจะเห็นคราบของเกล็ดหอยกระจายอยู่อย่างชัดเจนเป็นระยะทางยาวประมาณ 2 กิโลเมตร มองด้านหน้าชายหาดจะเห็นเกาะที่สวยงามเป็นจำนวนมาก
